language,period,repetition,test_accuracy,test_f1_macro,training_logs,precision_class_0,recall_class_0,f1_class_0,precision_class_1,recall_class_1,f1_class_1,precision_class_2,recall_class_2,f1_class_2
pt,before_2016,1,0.46153846153846156,0.2669683257918552,"[{""loss"": 1.0914, ""grad_norm"": 3.0747289657592773, ""learning_rate"": 1.3333333333333333e-05, ""epoch"": 1.0}, {""loss"": 0.9926, ""grad_norm"": 4.109118461608887, ""learning_rate"": 6.666666666666667e-06, ""epoch"": 2.0}, {""loss"": 0.9905, ""grad_norm"": 2.7284984588623047, ""learning_rate"": 0.0, ""epoch"": 3.0}, {""train_runtime"": 316.3622, ""train_samples_per_second"": 0.977, ""train_steps_per_second"": 0.038, ""train_loss"": 1.0248374740282695, ""epoch"": 3.0}]",0.4782608695652174,1.0,0.6470588235294118,0.0,0.0,0.0,0.3333333333333333,0.1,0.15384615384615385
pt,before_2016,2,0.4230769230769231,0.1981981981981982,"[{""loss"": 1.092, ""grad_norm"": 6.763782978057861, ""learning_rate"": 1.3333333333333333e-05, ""epoch"": 1.0}, {""loss"": 1.0798, ""grad_norm"": 5.209150791168213, ""learning_rate"": 6.666666666666667e-06, ""epoch"": 2.0}, {""loss"": 1.023, ""grad_norm"": 7.036172389984131, ""learning_rate"": 0.0, ""epoch"": 3.0}, {""train_runtime"": 312.6188, ""train_samples_per_second"": 0.988, ""train_steps_per_second"": 0.038, ""train_loss"": 1.0649288892745972, ""epoch"": 3.0}]",0.4230769230769231,1.0,0.5945945945945946,0.0,0.0,0.0,0.0,0.0,0.0
pt,before_2016,3,0.34615384615384615,0.23398692810457514,"[{""loss"": 1.1376, ""grad_norm"": 8.1045503616333, ""learning_rate"": 1.3333333333333333e-05, ""epoch"": 1.0}, {""loss"": 1.0153, ""grad_norm"": 2.2480838298797607, ""learning_rate"": 6.666666666666667e-06, ""epoch"": 2.0}, {""loss"": 1.0041, ""grad_norm"": 5.739880561828613, ""learning_rate"": 0.0, ""epoch"": 3.0}, {""train_runtime"": 309.1872, ""train_samples_per_second"": 0.999, ""train_steps_per_second"": 0.039, ""train_loss"": 1.0523634751637776, ""epoch"": 3.0}]",0.3684210526315789,0.6363636363636364,0.4666666666666667,0.0,0.0,0.0,0.2857142857142857,0.2,0.23529411764705882
pt,before_2016,4,0.5,0.31746031746031744,"[{""loss"": 1.1156, ""grad_norm"": 5.004412651062012, ""learning_rate"": 1.3333333333333333e-05, ""epoch"": 1.0}, {""loss"": 1.0212, ""grad_norm"": 2.6528031826019287, ""learning_rate"": 6.666666666666667e-06, ""epoch"": 2.0}, {""loss"": 1.0255, ""grad_norm"": 4.021244525909424, ""learning_rate"": 0.0, ""epoch"": 3.0}, {""train_runtime"": 309.5265, ""train_samples_per_second"": 0.998, ""train_steps_per_second"": 0.039, ""train_loss"": 1.054107705752055, ""epoch"": 3.0}]",0.5,1.0,0.6666666666666666,0.0,0.0,0.0,0.5,0.2,0.2857142857142857
pt,before_2016,5,0.4230769230769231,0.1981981981981982,"[{""loss"": 1.07, ""grad_norm"": 4.263193607330322, ""learning_rate"": 1.3333333333333333e-05, ""epoch"": 1.0}, {""loss"": 1.0268, ""grad_norm"": 2.1505253314971924, ""learning_rate"": 6.666666666666667e-06, ""epoch"": 2.0}, {""loss"": 1.0945, ""grad_norm"": 9.852812767028809, ""learning_rate"": 0.0, ""epoch"": 3.0}, {""train_runtime"": 311.6654, ""train_samples_per_second"": 0.991, ""train_steps_per_second"": 0.039, ""train_loss"": 1.06376846631368, ""epoch"": 3.0}]",0.4230769230769231,1.0,0.5945945945945946,0.0,0.0,0.0,0.0,0.0,0.0
pt,before_2016,6,0.2692307692307692,0.17496807151979565,"[{""loss"": 1.1013, ""grad_norm"": 4.268117427825928, ""learning_rate"": 1.3333333333333333e-05, ""epoch"": 1.0}, {""loss"": 1.0191, ""grad_norm"": 6.158209800720215, ""learning_rate"": 6.666666666666667e-06, ""epoch"": 2.0}, {""loss"": 1.0855, ""grad_norm"": 6.661686897277832, ""learning_rate"": 0.0, ""epoch"": 3.0}, {""train_runtime"": 317.6296, ""train_samples_per_second"": 0.973, ""train_steps_per_second"": 0.038, ""train_loss"": 1.0686264038085938, ""epoch"": 3.0}]",0.3333333333333333,0.5454545454545454,0.41379310344827586,0.0,0.0,0.0,0.125,0.1,0.1111111111111111
pt,before_2016,7,0.5384615384615384,0.39734299516908217,"[{""loss"": 1.0732, ""grad_norm"": 3.980375051498413, ""learning_rate"": 1.3333333333333333e-05, ""epoch"": 1.0}, {""loss"": 1.0142, ""grad_norm"": 4.768390655517578, ""learning_rate"": 6.666666666666667e-06, ""epoch"": 2.0}, {""loss"": 1.0036, ""grad_norm"": 3.0681121349334717, ""learning_rate"": 0.0, ""epoch"": 3.0}, {""train_runtime"": 312.5484, ""train_samples_per_second"": 0.989, ""train_steps_per_second"": 0.038, ""train_loss"": 1.0303415457407634, ""epoch"": 3.0}]",0.5384615384615384,0.6363636363636364,0.5833333333333334,0.0,0.0,0.0,0.5384615384615384,0.7,0.6086956521739131
pt,before_2016,8,0.4230769230769231,0.1981981981981982,"[{""loss"": 1.0553, ""grad_norm"": 4.063559055328369, ""learning_rate"": 1.3333333333333333e-05, ""epoch"": 1.0}, {""loss"": 1.0267, ""grad_norm"": 5.9340128898620605, ""learning_rate"": 6.666666666666667e-06, ""epoch"": 2.0}, {""loss"": 0.9906, ""grad_norm"": 5.056352615356445, ""learning_rate"": 0.0, ""epoch"": 3.0}, {""train_runtime"": 307.4655, ""train_samples_per_second"": 1.005, ""train_steps_per_second"": 0.039, ""train_loss"": 1.024217168490092, ""epoch"": 3.0}]",0.4230769230769231,1.0,0.5945945945945946,0.0,0.0,0.0,0.0,0.0,0.0
pt,before_2016,9,0.5384615384615384,0.38888888888888884,"[{""loss"": 1.1056, ""grad_norm"": 3.3545637130737305, ""learning_rate"": 1.3333333333333333e-05, ""epoch"": 1.0}, {""loss"": 1.0296, ""grad_norm"": 2.481219530105591, ""learning_rate"": 6.666666666666667e-06, ""epoch"": 2.0}, {""loss"": 1.0349, ""grad_norm"": 4.190648555755615, ""learning_rate"": 0.0, ""epoch"": 3.0}, {""train_runtime"": 310.3112, ""train_samples_per_second"": 0.996, ""train_steps_per_second"": 0.039, ""train_loss"": 1.0567107597986858, ""epoch"": 3.0}]",0.5625,0.8181818181818182,0.6666666666666666,0.0,0.0,0.0,0.5,0.5,0.5
pt,before_2016,10,0.38461538461538464,0.1851851851851852,"[{""loss"": 1.0584, ""grad_norm"": 3.824674606323242, ""learning_rate"": 1.3333333333333333e-05, ""epoch"": 1.0}, {""loss"": 1.0309, ""grad_norm"": 2.592987298965454, ""learning_rate"": 6.666666666666667e-06, ""epoch"": 2.0}, {""loss"": 1.0393, ""grad_norm"": 4.059342384338379, ""learning_rate"": 0.0, ""epoch"": 3.0}, {""train_runtime"": 308.1569, ""train_samples_per_second"": 1.003, ""train_steps_per_second"": 0.039, ""train_loss"": 1.0428708394368489, ""epoch"": 3.0}]",0.4,0.9090909090909091,0.5555555555555556,0.0,0.0,0.0,0.0,0.0,0.0
pt,before_2016,11,0.46153846153846156,0.2650793650793651,"[{""loss"": 1.0998, ""grad_norm"": 4.665818214416504, ""learning_rate"": 1.3333333333333333e-05, ""epoch"": 1.0}, {""loss"": 1.0392, ""grad_norm"": 4.209721088409424, ""learning_rate"": 6.666666666666667e-06, ""epoch"": 2.0}, {""loss"": 0.9937, ""grad_norm"": 3.9167864322662354, ""learning_rate"": 0.0, ""epoch"": 3.0}, {""train_runtime"": 313.7292, ""train_samples_per_second"": 0.985, ""train_steps_per_second"": 0.038, ""train_loss"": 1.0442117651303608, ""epoch"": 3.0}]",0.4583333333333333,1.0,0.6285714285714286,0.0,0.0,0.0,0.5,0.1,0.16666666666666666
pt,before_2016,12,0.5,0.36848484848484847,"[{""loss"": 1.074, ""grad_norm"": 6.273855209350586, ""learning_rate"": 1.3333333333333333e-05, ""epoch"": 1.0}, {""loss"": 1.0773, ""grad_norm"": 7.115234851837158, ""learning_rate"": 6.666666666666667e-06, ""epoch"": 2.0}, {""loss"": 1.0528, ""grad_norm"": 3.7593061923980713, ""learning_rate"": 0.0, ""epoch"": 3.0}, {""train_runtime"": 313.6352, ""train_samples_per_second"": 0.985, ""train_steps_per_second"": 0.038, ""train_loss"": 1.067996581395467, ""epoch"": 3.0}]",0.5,0.6363636363636364,0.56,0.0,0.0,0.0,0.5,0.6,0.5454545454545454
pt,before_2016,13,0.5,0.3182503770739065,"[{""loss"": 1.0633, ""grad_norm"": 3.9742672443389893, ""learning_rate"": 1.3333333333333333e-05, ""epoch"": 1.0}, {""loss"": 1.0655, ""grad_norm"": 6.152412414550781, ""learning_rate"": 6.666666666666667e-06, ""epoch"": 2.0}, {""loss"": 1.0488, ""grad_norm"": 5.676109790802002, ""learning_rate"": 0.0, ""epoch"": 3.0}, {""train_runtime"": 314.0386, ""train_samples_per_second"": 0.984, ""train_steps_per_second"": 0.038, ""train_loss"": 1.0592135588328044, ""epoch"": 3.0}]",0.4782608695652174,1.0,0.6470588235294118,0.0,0.0,0.0,0.6666666666666666,0.2,0.3076923076923077
pt,before_2016,14,0.46153846153846156,0.2669683257918552,"[{""loss"": 1.0827, ""grad_norm"": 4.136020660400391, ""learning_rate"": 1.3333333333333333e-05, ""epoch"": 1.0}, {""loss"": 0.9851, ""grad_norm"": 8.27993392944336, ""learning_rate"": 6.666666666666667e-06, ""epoch"": 2.0}, {""loss"": 1.0051, ""grad_norm"": 4.631706714630127, ""learning_rate"": 0.0, ""epoch"": 3.0}, {""train_runtime"": 319.1178, ""train_samples_per_second"": 0.968, ""train_steps_per_second"": 0.038, ""train_loss"": 1.0242889126141865, ""epoch"": 3.0}]",0.4782608695652174,1.0,0.6470588235294118,0.0,0.0,0.0,0.3333333333333333,0.1,0.15384615384615385
pt,before_2016,15,0.46153846153846156,0.2736111111111111,"[{""loss"": 1.0795, ""grad_norm"": 4.252649784088135, ""learning_rate"": 1.3333333333333333e-05, ""epoch"": 1.0}, {""loss"": 1.0255, ""grad_norm"": 2.79677677154541, ""learning_rate"": 6.666666666666667e-06, ""epoch"": 2.0}, {""loss"": 1.0158, ""grad_norm"": 3.039184808731079, ""learning_rate"": 0.0, ""epoch"": 3.0}, {""train_runtime"": 310.5619, ""train_samples_per_second"": 0.995, ""train_steps_per_second"": 0.039, ""train_loss"": 1.040285547574361, ""epoch"": 3.0}]",0.5238095238095238,1.0,0.6875,0.0,0.0,0.0,0.2,0.1,0.13333333333333333
pt,before_2016,16,0.4230769230769231,0.1981981981981982,"[{""loss"": 1.0308, ""grad_norm"": 6.711883068084717, ""learning_rate"": 1.3333333333333333e-05, ""epoch"": 1.0}, {""loss"": 1.0093, ""grad_norm"": 4.731694221496582, ""learning_rate"": 6.666666666666667e-06, ""epoch"": 2.0}, {""loss"": 0.9952, ""grad_norm"": 4.59581995010376, ""learning_rate"": 0.0, ""epoch"": 3.0}, {""train_runtime"": 310.6494, ""train_samples_per_second"": 0.995, ""train_steps_per_second"": 0.039, ""train_loss"": 1.0117456118265789, ""epoch"": 3.0}]",0.4230769230769231,1.0,0.5945945945945946,0.0,0.0,0.0,0.0,0.0,0.0
pt,before_2016,17,0.5,0.31805555555555554,"[{""loss"": 1.14, ""grad_norm"": 5.424077987670898, ""learning_rate"": 1.3333333333333333e-05, ""epoch"": 1.0}, {""loss"": 1.0277, ""grad_norm"": 4.996858596801758, ""learning_rate"": 6.666666666666667e-06, ""epoch"": 2.0}, {""loss"": 1.035, ""grad_norm"": 5.1343512535095215, ""learning_rate"": 0.0, ""epoch"": 3.0}, {""train_runtime"": 312.0496, ""train_samples_per_second"": 0.99, ""train_steps_per_second"": 0.038, ""train_loss"": 1.067586104075114, ""epoch"": 3.0}]",0.5238095238095238,1.0,0.6875,0.0,0.0,0.0,0.4,0.2,0.26666666666666666
pt,before_2016,18,0.38461538461538464,0.1851851851851852,"[{""loss"": 1.0891, ""grad_norm"": 3.4268152713775635, ""learning_rate"": 1.3333333333333333e-05, ""epoch"": 1.0}, {""loss"": 1.0507, ""grad_norm"": 5.877677917480469, ""learning_rate"": 6.666666666666667e-06, ""epoch"": 2.0}, {""loss"": 1.0506, ""grad_norm"": 4.2924113273620605, ""learning_rate"": 0.0, ""epoch"": 3.0}, {""train_runtime"": 310.0288, ""train_samples_per_second"": 0.997, ""train_steps_per_second"": 0.039, ""train_loss"": 1.0634625752766926, ""epoch"": 3.0}]",0.0,0.0,0.0,0.0,0.0,0.0,0.38461538461538464,1.0,0.5555555555555556
pt,before_2016,19,0.5,0.31746031746031744,"[{""loss"": 1.0829, ""grad_norm"": 4.540737628936768, ""learning_rate"": 1.3333333333333333e-05, ""epoch"": 1.0}, {""loss"": 1.0141, ""grad_norm"": 4.903659343719482, ""learning_rate"": 6.666666666666667e-06, ""epoch"": 2.0}, {""loss"": 0.9562, ""grad_norm"": 3.487124443054199, ""learning_rate"": 0.0, ""epoch"": 3.0}, {""train_runtime"": 308.765, ""train_samples_per_second"": 1.001, ""train_steps_per_second"": 0.039, ""train_loss"": 1.0177505016326904, ""epoch"": 3.0}]",0.5,1.0,0.6666666666666666,0.0,0.0,0.0,0.5,0.2,0.2857142857142857
pt,before_2016,20,0.4230769230769231,0.20370370370370372,"[{""loss"": 1.0675, ""grad_norm"": 3.907668113708496, ""learning_rate"": 1.3333333333333333e-05, ""epoch"": 1.0}, {""loss"": 1.0273, ""grad_norm"": 2.4201407432556152, ""learning_rate"": 6.666666666666667e-06, ""epoch"": 2.0}, {""loss"": 1.0543, ""grad_norm"": 5.787184238433838, ""learning_rate"": 0.0, ""epoch"": 3.0}, {""train_runtime"": 309.2209, ""train_samples_per_second"": 0.999, ""train_steps_per_second"": 0.039, ""train_loss"": 1.0496718883514404, ""epoch"": 3.0}]",0.44,1.0,0.6111111111111112,0.0,0.0,0.0,0.0,0.0,0.0
pt,before_2016,21,0.4230769230769231,0.20370370370370372,"[{""loss"": 1.0624, ""grad_norm"": 5.405607223510742, ""learning_rate"": 1.3333333333333333e-05, ""epoch"": 1.0}, {""loss"": 1.0635, ""grad_norm"": 3.3547608852386475, ""learning_rate"": 6.666666666666667e-06, ""epoch"": 2.0}, {""loss"": 1.0224, ""grad_norm"": 3.5129873752593994, ""learning_rate"": 0.0, ""epoch"": 3.0}, {""train_runtime"": 312.2059, ""train_samples_per_second"": 0.99, ""train_steps_per_second"": 0.038, ""train_loss"": 1.0494123299916585, ""epoch"": 3.0}]",0.44,1.0,0.6111111111111112,0.0,0.0,0.0,0.0,0.0,0.0
pt,before_2016,22,0.6538461538461539,0.48370927318295737,"[{""loss"": 1.083, ""grad_norm"": 5.729769229888916, ""learning_rate"": 1.3333333333333333e-05, ""epoch"": 1.0}, {""loss"": 1.035, ""grad_norm"": 4.2230024337768555, ""learning_rate"": 6.666666666666667e-06, ""epoch"": 2.0}, {""loss"": 1.0771, ""grad_norm"": 5.064323425292969, ""learning_rate"": 0.0, ""epoch"": 3.0}, {""train_runtime"": 311.2041, ""train_samples_per_second"": 0.993, ""train_steps_per_second"": 0.039, ""train_loss"": 1.0650267601013184, ""epoch"": 3.0}]",0.5882352941176471,0.9090909090909091,0.7142857142857143,0.0,0.0,0.0,0.7777777777777778,0.7,0.7368421052631579
pt,before_2016,23,0.34615384615384615,0.17647058823529413,"[{""loss"": 1.1084, ""grad_norm"": 3.379396438598633, ""learning_rate"": 1.3333333333333333e-05, ""epoch"": 1.0}, {""loss"": 1.0159, ""grad_norm"": 4.143849849700928, ""learning_rate"": 6.666666666666667e-06, ""epoch"": 2.0}, {""loss"": 0.9927, ""grad_norm"": 4.973385334014893, ""learning_rate"": 0.0, ""epoch"": 3.0}, {""train_runtime"": 313.7236, ""train_samples_per_second"": 0.985, ""train_steps_per_second"": 0.038, ""train_loss"": 1.038979450861613, ""epoch"": 3.0}]",0.391304347826087,0.8181818181818182,0.5294117647058824,0.0,0.0,0.0,0.0,0.0,0.0
pt,before_2016,24,0.4230769230769231,0.1981981981981982,"[{""loss"": 1.1014, ""grad_norm"": 2.9472603797912598, ""learning_rate"": 1.3333333333333333e-05, ""epoch"": 1.0}, {""loss"": 1.0591, ""grad_norm"": 3.84680438041687, ""learning_rate"": 6.666666666666667e-06, ""epoch"": 2.0}, {""loss"": 1.0767, ""grad_norm"": 5.014103889465332, ""learning_rate"": 0.0, ""epoch"": 3.0}, {""train_runtime"": 310.7534, ""train_samples_per_second"": 0.994, ""train_steps_per_second"": 0.039, ""train_loss"": 1.0790436267852783, ""epoch"": 3.0}]",0.4230769230769231,1.0,0.5945945945945946,0.0,0.0,0.0,0.0,0.0,0.0
pt,before_2016,25,0.5,0.35555555555555557,"[{""loss"": 1.0842, ""grad_norm"": 2.932131052017212, ""learning_rate"": 1.3333333333333333e-05, ""epoch"": 1.0}, {""loss"": 1.0062, ""grad_norm"": 4.010012149810791, ""learning_rate"": 6.666666666666667e-06, ""epoch"": 2.0}, {""loss"": 1.0159, ""grad_norm"": 2.685387372970581, ""learning_rate"": 0.0, ""epoch"": 3.0}, {""train_runtime"": 316.403, ""train_samples_per_second"": 0.977, ""train_steps_per_second"": 0.038, ""train_loss"": 1.0354339679082234, ""epoch"": 3.0}]",0.5625,0.8181818181818182,0.6666666666666666,0.0,0.0,0.0,0.4,0.4,0.4
pt,before_2016,26,0.4230769230769231,0.1981981981981982,"[{""loss"": 1.0776, ""grad_norm"": 3.5105888843536377, ""learning_rate"": 1.3333333333333333e-05, ""epoch"": 1.0}, {""loss"": 1.0533, ""grad_norm"": 5.339018821716309, ""learning_rate"": 6.666666666666667e-06, ""epoch"": 2.0}, {""loss"": 0.9924, ""grad_norm"": 4.2095513343811035, ""learning_rate"": 0.0, ""epoch"": 3.0}, {""train_runtime"": 314.823, ""train_samples_per_second"": 0.982, ""train_steps_per_second"": 0.038, ""train_loss"": 1.0411183834075928, ""epoch"": 3.0}]",0.4230769230769231,1.0,0.5945945945945946,0.0,0.0,0.0,0.0,0.0,0.0
pt,before_2016,27,0.46153846153846156,0.2650793650793651,"[{""loss"": 1.0687, ""grad_norm"": 4.357081413269043, ""learning_rate"": 1.3333333333333333e-05, ""epoch"": 1.0}, {""loss"": 1.0036, ""grad_norm"": 3.9494900703430176, ""learning_rate"": 6.666666666666667e-06, ""epoch"": 2.0}, {""loss"": 0.9934, ""grad_norm"": 5.384132385253906, ""learning_rate"": 0.0, ""epoch"": 3.0}, {""train_runtime"": 313.1581, ""train_samples_per_second"": 0.987, ""train_steps_per_second"": 0.038, ""train_loss"": 1.0218881766001384, ""epoch"": 3.0}]",0.4583333333333333,1.0,0.6285714285714286,0.0,0.0,0.0,0.5,0.1,0.16666666666666666
pt,before_2016,28,0.5769230769230769,0.42911877394636017,"[{""loss"": 1.1273, ""grad_norm"": Infinity, ""learning_rate"": 1.5000000000000002e-05, ""epoch"": 1.0}, {""loss"": 1.0125, ""grad_norm"": 3.9458906650543213, ""learning_rate"": 8.333333333333334e-06, ""epoch"": 2.0}, {""loss"": 0.984, ""grad_norm"": 4.595749378204346, ""learning_rate"": 1.6666666666666667e-06, ""epoch"": 3.0}, {""train_runtime"": 311.6747, ""train_samples_per_second"": 0.991, ""train_steps_per_second"": 0.039, ""train_loss"": 1.0412871837615967, ""epoch"": 3.0}]",0.5,0.8181818181818182,0.6206896551724138,0.0,0.0,0.0,0.75,0.6,0.6666666666666666
pt,before_2016,29,0.5384615384615384,0.3625,"[{""loss"": 1.1211, ""grad_norm"": 3.075390577316284, ""learning_rate"": 1.3333333333333333e-05, ""epoch"": 1.0}, {""loss"": 1.0612, ""grad_norm"": 7.603494644165039, ""learning_rate"": 6.666666666666667e-06, ""epoch"": 2.0}, {""loss"": 1.0093, ""grad_norm"": 8.328933715820312, ""learning_rate"": 0.0, ""epoch"": 3.0}, {""train_runtime"": 313.1912, ""train_samples_per_second"": 0.987, ""train_steps_per_second"": 0.038, ""train_loss"": 1.0638887484868367, ""epoch"": 3.0}]",0.5238095238095238,1.0,0.6875,0.0,0.0,0.0,0.6,0.3,0.4
pt,before_2016,30,0.4230769230769231,0.1981981981981982,"[{""loss"": 1.1141, ""grad_norm"": 3.054187536239624, ""learning_rate"": 1.3333333333333333e-05, ""epoch"": 1.0}, {""loss"": 1.046, ""grad_norm"": 4.131874084472656, ""learning_rate"": 6.666666666666667e-06, ""epoch"": 2.0}, {""loss"": 1.0519, ""grad_norm"": 3.519468069076538, ""learning_rate"": 0.0, ""epoch"": 3.0}, {""train_runtime"": 311.8381, ""train_samples_per_second"": 0.991, ""train_steps_per_second"": 0.038, ""train_loss"": 1.070656379063924, ""epoch"": 3.0}]",0.4230769230769231,1.0,0.5945945945945946,0.0,0.0,0.0,0.0,0.0,0.0
pt,after_2016,1,0.3333333333333333,0.2333333333333333,"[{""loss"": 1.0803, ""grad_norm"": 3.417738199234009, ""learning_rate"": 1.3333333333333333e-05, ""epoch"": 1.0}, {""loss"": 1.0574, ""grad_norm"": 2.645848512649536, ""learning_rate"": 6.666666666666667e-06, ""epoch"": 2.0}, {""loss"": 1.0324, ""grad_norm"": 1.9920471906661987, ""learning_rate"": 0.0, ""epoch"": 3.0}, {""train_runtime"": 180.7877, ""train_samples_per_second"": 0.962, ""train_steps_per_second"": 0.033, ""train_loss"": 1.0566926797231038, ""epoch"": 3.0}]",0.16666666666666666,0.16666666666666666,0.16666666666666666,0.4444444444444444,0.6666666666666666,0.5333333333333333,0.0,0.0,0.0
pt,after_2016,2,0.26666666666666666,0.19999999999999998,"[{""loss"": 1.0826, ""grad_norm"": 3.094602584838867, ""learning_rate"": 1.3333333333333333e-05, ""epoch"": 1.0}, {""loss"": 1.0482, ""grad_norm"": 2.755405902862549, ""learning_rate"": 6.666666666666667e-06, ""epoch"": 2.0}, {""loss"": 1.0054, ""grad_norm"": 2.5528929233551025, ""learning_rate"": 0.0, ""epoch"": 3.0}, {""train_runtime"": 180.9603, ""train_samples_per_second"": 0.962, ""train_steps_per_second"": 0.033, ""train_loss"": 1.045417030652364, ""epoch"": 3.0}]",0.2222222222222222,0.3333333333333333,0.26666666666666666,0.3333333333333333,0.3333333333333333,0.3333333333333333,0.0,0.0,0.0
pt,after_2016,3,0.3333333333333333,0.24542124542124544,"[{""loss"": 1.0968, ""grad_norm"": 3.962510108947754, ""learning_rate"": 1.3333333333333333e-05, ""epoch"": 1.0}, {""loss"": 1.0313, ""grad_norm"": 1.8992643356323242, ""learning_rate"": 6.666666666666667e-06, ""epoch"": 2.0}, {""loss"": 1.0137, ""grad_norm"": 2.292170286178589, ""learning_rate"": 0.0, ""epoch"": 3.0}, {""train_runtime"": 180.1528, ""train_samples_per_second"": 0.966, ""train_steps_per_second"": 0.033, ""train_loss"": 1.0472484429677327, ""epoch"": 3.0}]",0.2857142857142857,0.3333333333333333,0.3076923076923077,0.375,0.5,0.42857142857142855,0.0,0.0,0.0
pt,after_2016,4,0.4666666666666667,0.3333333333333333,"[{""loss"": 1.1065, ""grad_norm"": 3.656398057937622, ""learning_rate"": 1.3333333333333333e-05, ""epoch"": 1.0}, {""loss"": 1.0451, ""grad_norm"": Infinity, ""learning_rate"": 1e-05, ""epoch"": 2.0}, {""loss"": 1.0408, ""grad_norm"": 2.6861937046051025, ""learning_rate"": 3.3333333333333333e-06, ""epoch"": 3.0}, {""train_runtime"": 180.3407, ""train_samples_per_second"": 0.965, ""train_steps_per_second"": 0.033, ""train_loss"": 1.0641170740127563, ""epoch"": 3.0}]",0.3333333333333333,0.3333333333333333,0.3333333333333333,0.5555555555555556,0.8333333333333334,0.6666666666666666,0.0,0.0,0.0
pt,after_2016,5,0.5333333333333333,0.37719298245614036,"[{""loss"": 1.0923, ""grad_norm"": 2.4164414405822754, ""learning_rate"": 1.3333333333333333e-05, ""epoch"": 1.0}, {""loss"": 1.0596, ""grad_norm"": 2.6964845657348633, ""learning_rate"": 6.666666666666667e-06, ""epoch"": 2.0}, {""loss"": 1.0443, ""grad_norm"": 3.2505762577056885, ""learning_rate"": 0.0, ""epoch"": 3.0}, {""train_runtime"": 179.711, ""train_samples_per_second"": 0.968, ""train_steps_per_second"": 0.033, ""train_loss"": 1.065393288930257, ""epoch"": 3.0}]",0.46153846153846156,1.0,0.631578947368421,1.0,0.3333333333333333,0.5,0.0,0.0,0.0
pt,after_2016,6,0.4,0.19999999999999998,"[{""loss"": 1.1165, ""grad_norm"": 3.078805685043335, ""learning_rate"": 1.3333333333333333e-05, ""epoch"": 1.0}, {""loss"": 1.0627, ""grad_norm"": 3.3267345428466797, ""learning_rate"": 6.666666666666667e-06, ""epoch"": 2.0}, {""loss"": 1.0328, ""grad_norm"": 3.4230713844299316, ""learning_rate"": 0.0, ""epoch"": 3.0}, {""train_runtime"": 180.3912, ""train_samples_per_second"": 0.965, ""train_steps_per_second"": 0.033, ""train_loss"": 1.0706571737925212, ""epoch"": 3.0}]",0.0,0.0,0.0,0.42857142857142855,1.0,0.6,0.0,0.0,0.0
pt,after_2016,7,0.5333333333333333,0.39015151515151514,"[{""loss"": 1.1057, ""grad_norm"": 3.782041072845459, ""learning_rate"": 1.3333333333333333e-05, ""epoch"": 1.0}, {""loss"": 1.0405, ""grad_norm"": 2.540649175643921, ""learning_rate"": 6.666666666666667e-06, ""epoch"": 2.0}, {""loss"": 1.0417, ""grad_norm"": 4.4431376457214355, ""learning_rate"": 0.0, ""epoch"": 3.0}, {""train_runtime"": 181.6546, ""train_samples_per_second"": 0.958, ""train_steps_per_second"": 0.033, ""train_loss"": 1.0626176198323567, ""epoch"": 3.0}]",0.5,0.8333333333333334,0.625,0.6,0.5,0.5454545454545454,0.0,0.0,0.0
pt,after_2016,8,0.06666666666666667,0.05128205128205129,"[{""loss"": 1.0818, ""grad_norm"": 2.764052629470825, ""learning_rate"": 1.3333333333333333e-05, ""epoch"": 1.0}, {""loss"": 1.0379, ""grad_norm"": 3.0364744663238525, ""learning_rate"": 6.666666666666667e-06, ""epoch"": 2.0}, {""loss"": 1.0254, ""grad_norm"": 3.372110605239868, ""learning_rate"": 0.0, ""epoch"": 3.0}, {""train_runtime"": 181.3424, ""train_samples_per_second"": 0.96, ""train_steps_per_second"": 0.033, ""train_loss"": 1.0483486652374268, ""epoch"": 3.0}]",0.0,0.0,0.0,0.14285714285714285,0.16666666666666666,0.15384615384615385,0.0,0.0,0.0
pt,after_2016,9,0.4,0.19047619047619047,"[{""loss"": 1.1004, ""grad_norm"": 1.8526320457458496, ""learning_rate"": 1.3333333333333333e-05, ""epoch"": 1.0}, {""loss"": 1.0468, ""grad_norm"": 1.6133780479431152, ""learning_rate"": 6.666666666666667e-06, ""epoch"": 2.0}, {""loss"": 1.0156, ""grad_norm"": 2.500572443008423, ""learning_rate"": 0.0, ""epoch"": 3.0}, {""train_runtime"": 178.466, ""train_samples_per_second"": 0.975, ""train_steps_per_second"": 0.034, ""train_loss"": 1.0542805989583333, ""epoch"": 3.0}]",0.4,1.0,0.5714285714285714,0.0,0.0,0.0,0.0,0.0,0.0
pt,after_2016,10,0.3333333333333333,0.16666666666666666,"[{""loss"": 1.0666, ""grad_norm"": 2.343493938446045, ""learning_rate"": 1.3333333333333333e-05, ""epoch"": 1.0}, {""loss"": 1.0435, ""grad_norm"": 2.135885715484619, ""learning_rate"": 6.666666666666667e-06, ""epoch"": 2.0}, {""loss"": 1.0032, ""grad_norm"": 3.6381778717041016, ""learning_rate"": 0.0, ""epoch"": 3.0}, {""train_runtime"": 173.8524, ""train_samples_per_second"": 1.001, ""train_steps_per_second"": 0.035, ""train_loss"": 1.0377650658289592, ""epoch"": 3.0}]",0.35714285714285715,0.8333333333333334,0.5,0.0,0.0,0.0,0.0,0.0,0.0
pt,after_2016,11,0.4,0.25925925925925924,"[{""loss"": 1.1028, ""grad_norm"": 3.6104931831359863, ""learning_rate"": 1.3333333333333333e-05, ""epoch"": 1.0}, {""loss"": 1.0524, ""grad_norm"": 2.562500238418579, ""learning_rate"": 6.666666666666667e-06, ""epoch"": 2.0}, {""loss"": 1.025, ""grad_norm"": 2.5089170932769775, ""learning_rate"": 0.0, ""epoch"": 3.0}, {""train_runtime"": 174.5698, ""train_samples_per_second"": 0.997, ""train_steps_per_second"": 0.034, ""train_loss"": 1.0600682099660237, ""epoch"": 3.0}]",0.3333333333333333,0.16666666666666666,0.2222222222222222,0.4166666666666667,0.8333333333333334,0.5555555555555556,0.0,0.0,0.0
pt,after_2016,12,0.3333333333333333,0.2333333333333333,"[{""loss"": 1.0755, ""grad_norm"": 3.0383262634277344, ""learning_rate"": 1.3333333333333333e-05, ""epoch"": 1.0}, {""loss"": 1.0596, ""grad_norm"": 2.5103087425231934, ""learning_rate"": 6.666666666666667e-06, ""epoch"": 2.0}, {""loss"": 1.004, ""grad_norm"": 2.127054452896118, ""learning_rate"": 0.0, ""epoch"": 3.0}, {""train_runtime"": 169.8093, ""train_samples_per_second"": 1.025, ""train_steps_per_second"": 0.035, ""train_loss"": 1.0463536580403645, ""epoch"": 3.0}]",0.16666666666666666,0.16666666666666666,0.16666666666666666,0.4444444444444444,0.6666666666666666,0.5333333333333333,0.0,0.0,0.0
pt,after_2016,13,0.4,0.19047619047619047,"[{""loss"": 1.1092, ""grad_norm"": 4.131312847137451, ""learning_rate"": 1.3333333333333333e-05, ""epoch"": 1.0}, {""loss"": 1.049, ""grad_norm"": 2.928553581237793, ""learning_rate"": 6.666666666666667e-06, ""epoch"": 2.0}, {""loss"": 1.03, ""grad_norm"": 2.5258395671844482, ""learning_rate"": 0.0, ""epoch"": 3.0}, {""train_runtime"": 180.1519, ""train_samples_per_second"": 0.966, ""train_steps_per_second"": 0.033, ""train_loss"": 1.062751015027364, ""epoch"": 3.0}]",0.0,0.0,0.0,0.4,1.0,0.5714285714285714,0.0,0.0,0.0
pt,after_2016,14,0.4666666666666667,0.34432234432234426,"[{""loss"": 1.0823, ""grad_norm"": 4.293997287750244, ""learning_rate"": 1.3333333333333333e-05, ""epoch"": 1.0}, {""loss"": 1.0436, ""grad_norm"": 2.4221556186676025, ""learning_rate"": 6.666666666666667e-06, ""epoch"": 2.0}, {""loss"": 1.0389, ""grad_norm"": 3.6091456413269043, ""learning_rate"": 0.0, ""epoch"": 3.0}, {""train_runtime"": 178.4743, ""train_samples_per_second"": 0.975, ""train_steps_per_second"": 0.034, ""train_loss"": 1.0549165805180867, ""epoch"": 3.0}]",0.5,0.6666666666666666,0.5714285714285714,0.42857142857142855,0.5,0.46153846153846156,0.0,0.0,0.0
pt,after_2016,15,0.5333333333333333,0.3956043956043956,"[{""loss"": 1.102, ""grad_norm"": 4.5988311767578125, ""learning_rate"": 1.3333333333333333e-05, ""epoch"": 1.0}, {""loss"": 1.0302, ""grad_norm"": 2.4938485622406006, ""learning_rate"": 6.666666666666667e-06, ""epoch"": 2.0}, {""loss"": 1.0183, ""grad_norm"": 2.7537591457366943, ""learning_rate"": 0.0, ""epoch"": 3.0}, {""train_runtime"": 180.9259, ""train_samples_per_second"": 0.962, ""train_steps_per_second"": 0.033, ""train_loss"": 1.0501741965611775, ""epoch"": 3.0}]",0.5,0.6666666666666666,0.5714285714285714,0.5714285714285714,0.6666666666666666,0.6153846153846154,0.0,0.0,0.0
pt,after_2016,16,0.4666666666666667,0.34848484848484845,"[{""loss"": 1.1242, ""grad_norm"": 4.103515625, ""learning_rate"": 1.3333333333333333e-05, ""epoch"": 1.0}, {""loss"": 1.0636, ""grad_norm"": 2.483788251876831, ""learning_rate"": 6.666666666666667e-06, ""epoch"": 2.0}, {""loss"": 1.0326, ""grad_norm"": 2.322026252746582, ""learning_rate"": 0.0, ""epoch"": 3.0}, {""train_runtime"": 175.3115, ""train_samples_per_second"": 0.993, ""train_steps_per_second"": 0.034, ""train_loss"": 1.073453466097514, ""epoch"": 3.0}]",0.4,0.6666666666666666,0.5,0.6,0.5,0.5454545454545454,0.0,0.0,0.0
pt,after_2016,17,0.4,0.2627450980392157,"[{""loss"": 1.116, ""grad_norm"": 4.406848430633545, ""learning_rate"": 1.3333333333333333e-05, ""epoch"": 1.0}, {""loss"": 1.0519, ""grad_norm"": 2.4909050464630127, ""learning_rate"": 6.666666666666667e-06, ""epoch"": 2.0}, {""loss"": 1.0332, ""grad_norm"": 2.4828009605407715, ""learning_rate"": 0.0, ""epoch"": 3.0}, {""train_runtime"": 181.5959, ""train_samples_per_second"": 0.958, ""train_steps_per_second"": 0.033, ""train_loss"": 1.0670080184936523, ""epoch"": 3.0}]",0.25,0.16666666666666666,0.2,0.45454545454545453,0.8333333333333334,0.5882352941176471,0.0,0.0,0.0
pt,after_2016,18,0.26666666666666666,0.1568627450980392,"[{""loss"": 1.0879, ""grad_norm"": 3.089909553527832, ""learning_rate"": 1.3333333333333333e-05, ""epoch"": 1.0}, {""loss"": 1.057, ""grad_norm"": 3.2501776218414307, ""learning_rate"": 6.666666666666667e-06, ""epoch"": 2.0}, {""loss"": 1.0166, ""grad_norm"": 2.0010223388671875, ""learning_rate"": 0.0, ""epoch"": 3.0}, {""train_runtime"": 177.6409, ""train_samples_per_second"": 0.98, ""train_steps_per_second"": 0.034, ""train_loss"": 1.0538562536239624, ""epoch"": 3.0}]",0.0,0.0,0.0,0.36363636363636365,0.6666666666666666,0.47058823529411764,0.0,0.0,0.0
pt,after_2016,19,0.3333333333333333,0.17543859649122806,"[{""loss"": 1.1066, ""grad_norm"": 4.5118842124938965, ""learning_rate"": 1.3333333333333333e-05, ""epoch"": 1.0}, {""loss"": 1.0437, ""grad_norm"": 3.4826507568359375, ""learning_rate"": 6.666666666666667e-06, ""epoch"": 2.0}, {""loss"": 1.0328, ""grad_norm"": 3.4456193447113037, ""learning_rate"": 0.0, ""epoch"": 3.0}, {""train_runtime"": 179.9693, ""train_samples_per_second"": 0.967, ""train_steps_per_second"": 0.033, ""train_loss"": 1.060998558998108, ""epoch"": 3.0}]",0.0,0.0,0.0,0.38461538461538464,0.8333333333333334,0.5263157894736842,0.0,0.0,0.0
pt,after_2016,20,0.4666666666666667,0.3333333333333333,"[{""loss"": 1.0779, ""grad_norm"": 2.6450858116149902, ""learning_rate"": 1.3333333333333333e-05, ""epoch"": 1.0}, {""loss"": 1.0567, ""grad_norm"": 2.433485507965088, ""learning_rate"": 6.666666666666667e-06, ""epoch"": 2.0}, {""loss"": 1.0349, ""grad_norm"": 1.7989379167556763, ""learning_rate"": 0.0, ""epoch"": 3.0}, {""train_runtime"": 176.4923, ""train_samples_per_second"": 0.986, ""train_steps_per_second"": 0.034, ""train_loss"": 1.056520938873291, ""epoch"": 3.0}]",0.4166666666666667,0.8333333333333334,0.5555555555555556,0.6666666666666666,0.3333333333333333,0.4444444444444444,0.0,0.0,0.0
pt,after_2016,21,0.3333333333333333,0.1851851851851852,"[{""loss"": 1.1075, ""grad_norm"": 3.4818382263183594, ""learning_rate"": 1.3333333333333333e-05, ""epoch"": 1.0}, {""loss"": 1.0448, ""grad_norm"": 3.0324649810791016, ""learning_rate"": 6.666666666666667e-06, ""epoch"": 2.0}, {""loss"": 1.0403, ""grad_norm"": 2.77484393119812, ""learning_rate"": 0.0, ""epoch"": 3.0}, {""train_runtime"": 177.087, ""train_samples_per_second"": 0.983, ""train_steps_per_second"": 0.034, ""train_loss"": 1.0641864935557048, ""epoch"": 3.0}]",0.0,0.0,0.0,0.4166666666666667,0.8333333333333334,0.5555555555555556,0.0,0.0,0.0
pt,after_2016,22,0.4,0.2627450980392157,"[{""loss"": 1.0796, ""grad_norm"": 2.6438732147216797, ""learning_rate"": 1.3333333333333333e-05, ""epoch"": 1.0}, {""loss"": 1.0598, ""grad_norm"": 2.8665270805358887, ""learning_rate"": 6.666666666666667e-06, ""epoch"": 2.0}, {""loss"": 1.0368, ""grad_norm"": 2.633606433868408, ""learning_rate"": 0.0, ""epoch"": 3.0}, {""train_runtime"": 172.457, ""train_samples_per_second"": 1.009, ""train_steps_per_second"": 0.035, ""train_loss"": 1.0587318738301594, ""epoch"": 3.0}]",0.25,0.16666666666666666,0.2,0.45454545454545453,0.8333333333333334,0.5882352941176471,0.0,0.0,0.0
pt,after_2016,23,0.5333333333333333,0.3956043956043956,"[{""loss"": 1.0819, ""grad_norm"": 2.58150053024292, ""learning_rate"": 1.3333333333333333e-05, ""epoch"": 1.0}, {""loss"": 1.0506, ""grad_norm"": 1.7162742614746094, ""learning_rate"": 6.666666666666667e-06, ""epoch"": 2.0}, {""loss"": 1.0232, ""grad_norm"": 1.6891993284225464, ""learning_rate"": 0.0, ""epoch"": 3.0}, {""train_runtime"": 178.5011, ""train_samples_per_second"": 0.975, ""train_steps_per_second"": 0.034, ""train_loss"": 1.0518968900044758, ""epoch"": 3.0}]",0.5,0.6666666666666666,0.5714285714285714,0.5714285714285714,0.6666666666666666,0.6153846153846154,0.0,0.0,0.0
pt,after_2016,24,0.3333333333333333,0.1851851851851852,"[{""loss"": 1.105, ""grad_norm"": 2.86039137840271, ""learning_rate"": 1.3333333333333333e-05, ""epoch"": 1.0}, {""loss"": 1.0518, ""grad_norm"": 3.839303970336914, ""learning_rate"": 6.666666666666667e-06, ""epoch"": 2.0}, {""loss"": 1.0333, ""grad_norm"": 2.0653886795043945, ""learning_rate"": 0.0, ""epoch"": 3.0}, {""train_runtime"": 172.3574, ""train_samples_per_second"": 1.01, ""train_steps_per_second"": 0.035, ""train_loss"": 1.0633808771769206, ""epoch"": 3.0}]",0.0,0.0,0.0,0.4166666666666667,0.8333333333333334,0.5555555555555556,0.0,0.0,0.0
pt,after_2016,25,0.26666666666666666,0.19413919413919412,"[{""loss"": 1.1058, ""grad_norm"": 4.220936298370361, ""learning_rate"": 1.3333333333333333e-05, ""epoch"": 1.0}, {""loss"": 1.0523, ""grad_norm"": 2.700751543045044, ""learning_rate"": 6.666666666666667e-06, ""epoch"": 2.0}, {""loss"": 1.0128, ""grad_norm"": 1.9248946905136108, ""learning_rate"": 0.0, ""epoch"": 3.0}, {""train_runtime"": 177.0606, ""train_samples_per_second"": 0.983, ""train_steps_per_second"": 0.034, ""train_loss"": 1.056936264038086, ""epoch"": 3.0}]",0.14285714285714285,0.16666666666666666,0.15384615384615385,0.375,0.5,0.42857142857142855,0.0,0.0,0.0
pt,after_2016,26,0.4,0.19047619047619047,"[{""loss"": 1.0914, ""grad_norm"": 2.5134074687957764, ""learning_rate"": 1.3333333333333333e-05, ""epoch"": 1.0}, {""loss"": 1.0742, ""grad_norm"": Infinity, ""learning_rate"": 1e-05, ""epoch"": 2.0}, {""loss"": 1.0472, ""grad_norm"": 2.92533278465271, ""learning_rate"": 3.3333333333333333e-06, ""epoch"": 3.0}, {""train_runtime"": 174.3874, ""train_samples_per_second"": 0.998, ""train_steps_per_second"": 0.034, ""train_loss"": 1.070959250132243, ""epoch"": 3.0}]",0.4,1.0,0.5714285714285714,0.0,0.0,0.0,0.0,0.0,0.0
pt,after_2016,27,0.5333333333333333,0.396078431372549,"[{""loss"": 1.0975, ""grad_norm"": 1.8089344501495361, ""learning_rate"": 1.3333333333333333e-05, ""epoch"": 1.0}, {""loss"": 1.0549, ""grad_norm"": 2.6373512744903564, ""learning_rate"": 6.666666666666667e-06, ""epoch"": 2.0}, {""loss"": 1.0446, ""grad_norm"": 4.456819534301758, ""learning_rate"": 0.0, ""epoch"": 3.0}, {""train_runtime"": 180.6396, ""train_samples_per_second"": 0.963, ""train_steps_per_second"": 0.033, ""train_loss"": 1.0656890869140625, ""epoch"": 3.0}]",0.45454545454545453,0.8333333333333334,0.5882352941176471,0.75,0.5,0.6,0.0,0.0,0.0
pt,after_2016,28,0.4,0.19047619047619047,"[{""loss"": 1.0789, ""grad_norm"": 2.155163526535034, ""learning_rate"": 1.3333333333333333e-05, ""epoch"": 1.0}, {""loss"": 1.0668, ""grad_norm"": 5.913640022277832, ""learning_rate"": 6.666666666666667e-06, ""epoch"": 2.0}, {""loss"": 1.0333, ""grad_norm"": 2.47721791267395, ""learning_rate"": 0.0, ""epoch"": 3.0}, {""train_runtime"": 178.2405, ""train_samples_per_second"": 0.976, ""train_steps_per_second"": 0.034, ""train_loss"": 1.059686501820882, ""epoch"": 3.0}]",0.4,1.0,0.5714285714285714,0.0,0.0,0.0,0.0,0.0,0.0
pt,after_2016,29,0.4666666666666667,0.29523809523809524,"[{""loss"": 1.1161, ""grad_norm"": 4.951667308807373, ""learning_rate"": 1.3333333333333333e-05, ""epoch"": 1.0}, {""loss"": 1.0823, ""grad_norm"": 3.4665277004241943, ""learning_rate"": 6.666666666666667e-06, ""epoch"": 2.0}, {""loss"": 1.0421, ""grad_norm"": 2.49931001663208, ""learning_rate"": 0.0, ""epoch"": 3.0}, {""train_runtime"": 182.8466, ""train_samples_per_second"": 0.952, ""train_steps_per_second"": 0.033, ""train_loss"": 1.0801643530527751, ""epoch"": 3.0}]",0.42857142857142855,1.0,0.6,1.0,0.16666666666666666,0.2857142857142857,0.0,0.0,0.0
pt,after_2016,30,0.4666666666666667,0.29523809523809524,"[{""loss"": 1.083, ""grad_norm"": 2.3147966861724854, ""learning_rate"": 1.3333333333333333e-05, ""epoch"": 1.0}, {""loss"": 1.0966, ""grad_norm"": 5.450301170349121, ""learning_rate"": 6.666666666666667e-06, ""epoch"": 2.0}, {""loss"": 1.0425, ""grad_norm"": 3.191394090652466, ""learning_rate"": 0.0, ""epoch"": 3.0}, {""train_runtime"": 179.5245, ""train_samples_per_second"": 0.969, ""train_steps_per_second"": 0.033, ""train_loss"": 1.0740186373392742, ""epoch"": 3.0}]",0.42857142857142855,1.0,0.6,1.0,0.16666666666666666,0.2857142857142857,0.0,0.0,0.0
pt,full,1,0.4146341463414634,0.1954022988505747,"[{""loss"": 1.1136, ""grad_norm"": NaN, ""learning_rate"": 1.4444444444444446e-05, ""epoch"": 1.0}, {""loss"": 1.0531, ""grad_norm"": 10.678099632263184, ""learning_rate"": 7.77777777777778e-06, ""epoch"": 2.0}, {""loss"": 1.0673, ""grad_norm"": 14.103048324584961, ""learning_rate"": 1.111111111111111e-06, ""epoch"": 3.0}, {""train_runtime"": 496.0921, ""train_samples_per_second"": 0.974, ""train_steps_per_second"": 0.036, ""train_loss"": 1.0780164930555556, ""epoch"": 3.0}]",0.4146341463414634,1.0,0.5862068965517241,0.0,0.0,0.0,0.0,0.0,0.0
pt,full,2,0.4878048780487805,0.3566760037348273,"[{""loss"": 1.0405, ""grad_norm"": NaN, ""learning_rate"": 1.4444444444444446e-05, ""epoch"": 1.0}, {""loss"": 1.1001, ""grad_norm"": 13.230396270751953, ""learning_rate"": 7.77777777777778e-06, ""epoch"": 2.0}, {""loss"": 1.0554, ""grad_norm"": 13.835970878601074, ""learning_rate"": 1.111111111111111e-06, ""epoch"": 3.0}, {""train_runtime"": 511.3256, ""train_samples_per_second"": 0.945, ""train_steps_per_second"": 0.035, ""train_loss"": 1.065336439344618, ""epoch"": 3.0}]",0.5,1.0,0.6666666666666666,0.5,0.2,0.2857142857142857,0.3333333333333333,0.07142857142857142,0.11764705882352941
pt,full,3,0.4146341463414634,0.1954022988505747,"[{""loss"": 1.0781, ""grad_norm"": NaN, ""learning_rate"": 1.4444444444444446e-05, ""epoch"": 1.0}, {""loss"": 1.0509, ""grad_norm"": 11.073110580444336, ""learning_rate"": 7.77777777777778e-06, ""epoch"": 2.0}, {""loss"": 1.0334, ""grad_norm"": 10.169340133666992, ""learning_rate"": 1.111111111111111e-06, ""epoch"": 3.0}, {""train_runtime"": 493.7828, ""train_samples_per_second"": 0.978, ""train_steps_per_second"": 0.036, ""train_loss"": 1.0541441175672743, ""epoch"": 3.0}]",0.4146341463414634,1.0,0.5862068965517241,0.0,0.0,0.0,0.0,0.0,0.0
pt,full,4,0.4634146341463415,0.30512820512820515,"[{""loss"": 1.0688, ""grad_norm"": NaN, ""learning_rate"": 1.4444444444444446e-05, ""epoch"": 1.0}, {""loss"": 1.0347, ""grad_norm"": 13.04829216003418, ""learning_rate"": 7.77777777777778e-06, ""epoch"": 2.0}, {""loss"": 1.0254, ""grad_norm"": 15.833048820495605, ""learning_rate"": 1.111111111111111e-06, ""epoch"": 3.0}, {""train_runtime"": 497.3286, ""train_samples_per_second"": 0.971, ""train_steps_per_second"": 0.036, ""train_loss"": 1.0429662068684895, ""epoch"": 3.0}]",0.45714285714285713,0.9411764705882353,0.6153846153846154,0.0,0.0,0.0,0.5,0.21428571428571427,0.3
pt,full,5,0.4146341463414634,0.1954022988505747,"[{""loss"": 1.0808, ""grad_norm"": NaN, ""learning_rate"": 1.4444444444444446e-05, ""epoch"": 1.0}, {""loss"": 1.1012, ""grad_norm"": 13.538765907287598, ""learning_rate"": 7.77777777777778e-06, ""epoch"": 2.0}, {""loss"": 1.091, ""grad_norm"": 14.9468412399292, ""learning_rate"": 1.111111111111111e-06, ""epoch"": 3.0}, {""train_runtime"": 487.9213, ""train_samples_per_second"": 0.99, ""train_steps_per_second"": 0.037, ""train_loss"": 1.091014438205295, ""epoch"": 3.0}]",0.4146341463414634,1.0,0.5862068965517241,0.0,0.0,0.0,0.0,0.0,0.0
pt,full,6,0.4146341463414634,0.1954022988505747,"[{""loss"": 1.0882, ""grad_norm"": NaN, ""learning_rate"": 1.4444444444444446e-05, ""epoch"": 1.0}, {""loss"": 1.0686, ""grad_norm"": 11.573092460632324, ""learning_rate"": 7.77777777777778e-06, ""epoch"": 2.0}, {""loss"": 1.1496, ""grad_norm"": Infinity, ""learning_rate"": 2.222222222222222e-06, ""epoch"": 3.0}, {""train_runtime"": 489.274, ""train_samples_per_second"": 0.987, ""train_steps_per_second"": 0.037, ""train_loss"": 1.1021202935112848, ""epoch"": 3.0}]",0.4146341463414634,1.0,0.5862068965517241,0.0,0.0,0.0,0.0,0.0,0.0
pt,full,7,0.4146341463414634,0.1954022988505747,"[{""loss"": 1.0305, ""grad_norm"": NaN, ""learning_rate"": 1.4444444444444446e-05, ""epoch"": 1.0}, {""loss"": 1.0512, ""grad_norm"": 11.843974113464355, ""learning_rate"": 7.77777777777778e-06, ""epoch"": 2.0}, {""loss"": 0.9921, ""grad_norm"": 10.50772762298584, ""learning_rate"": 1.111111111111111e-06, ""epoch"": 3.0}, {""train_runtime"": 489.1159, ""train_samples_per_second"": 0.987, ""train_steps_per_second"": 0.037, ""train_loss"": 1.0246047973632812, ""epoch"": 3.0}]",0.4146341463414634,1.0,0.5862068965517241,0.0,0.0,0.0,0.0,0.0,0.0
pt,full,8,0.4146341463414634,0.1954022988505747,"[{""loss"": 1.0829, ""grad_norm"": NaN, ""learning_rate"": 1.4444444444444446e-05, ""epoch"": 1.0}, {""loss"": 1.0196, ""grad_norm"": 10.860694885253906, ""learning_rate"": 7.77777777777778e-06, ""epoch"": 2.0}, {""loss"": 1.043, ""grad_norm"": 12.024324417114258, ""learning_rate"": 1.111111111111111e-06, ""epoch"": 3.0}, {""train_runtime"": 485.2911, ""train_samples_per_second"": 0.995, ""train_steps_per_second"": 0.037, ""train_loss"": 1.04850345187717, ""epoch"": 3.0}]",0.4146341463414634,1.0,0.5862068965517241,0.0,0.0,0.0,0.0,0.0,0.0
pt,full,9,0.34146341463414637,0.21437908496732025,"[{""loss"": 1.0452, ""grad_norm"": NaN, ""learning_rate"": 1.4444444444444446e-05, ""epoch"": 1.0}, {""loss"": 1.0466, ""grad_norm"": 12.610468864440918, ""learning_rate"": 7.77777777777778e-06, ""epoch"": 2.0}, {""loss"": 1.0284, ""grad_norm"": Infinity, ""learning_rate"": 2.222222222222222e-06, ""epoch"": 3.0}, {""train_runtime"": 488.3042, ""train_samples_per_second"": 0.989, ""train_steps_per_second"": 0.037, ""train_loss"": 1.0400661892361112, ""epoch"": 3.0}]",0.38235294117647056,0.7647058823529411,0.5098039215686274,0.0,0.0,0.0,1.0,0.07142857142857142,0.13333333333333333
pt,full,10,0.43902439024390244,0.2726423902894491,"[{""loss"": 1.0882, ""grad_norm"": NaN, ""learning_rate"": 1.4444444444444446e-05, ""epoch"": 1.0}, {""loss"": 1.0237, ""grad_norm"": 12.50716495513916, ""learning_rate"": 7.77777777777778e-06, ""epoch"": 2.0}, {""loss"": 1.0968, ""grad_norm"": 14.307549476623535, ""learning_rate"": 1.111111111111111e-06, ""epoch"": 3.0}, {""train_runtime"": 484.4528, ""train_samples_per_second"": 0.997, ""train_steps_per_second"": 0.037, ""train_loss"": 1.069562276204427, ""epoch"": 3.0}]",0.47058823529411764,0.9411764705882353,0.6274509803921569,0.0,0.0,0.0,0.2857142857142857,0.14285714285714285,0.19047619047619047
pt,full,11,0.4634146341463415,0.30862470862470864,"[{""loss"": 1.0728, ""grad_norm"": NaN, ""learning_rate"": 1.4444444444444446e-05, ""epoch"": 1.0}, {""loss"": 1.0891, ""grad_norm"": 14.961775779724121, ""learning_rate"": 7.77777777777778e-06, ""epoch"": 2.0}, {""loss"": 1.0394, ""grad_norm"": 13.685929298400879, ""learning_rate"": 1.111111111111111e-06, ""epoch"": 3.0}, {""train_runtime"": 491.271, ""train_samples_per_second"": 0.983, ""train_steps_per_second"": 0.037, ""train_loss"": 1.067093743218316, ""epoch"": 3.0}]",0.4473684210526316,1.0,0.6181818181818182,0.6666666666666666,0.2,0.3076923076923077,0.0,0.0,0.0
pt,full,12,0.4146341463414634,0.1954022988505747,"[{""loss"": 1.0872, ""grad_norm"": NaN, ""learning_rate"": 1.4444444444444446e-05, ""epoch"": 1.0}, {""loss"": 1.0708, ""grad_norm"": 14.175714492797852, ""learning_rate"": 7.77777777777778e-06, ""epoch"": 2.0}, {""loss"": 1.0866, ""grad_norm"": 14.44450569152832, ""learning_rate"": 1.111111111111111e-06, ""epoch"": 3.0}, {""train_runtime"": 494.4469, ""train_samples_per_second"": 0.977, ""train_steps_per_second"": 0.036, ""train_loss"": 1.0815472073025174, ""epoch"": 3.0}]",0.4146341463414634,1.0,0.5862068965517241,0.0,0.0,0.0,0.0,0.0,0.0
pt,full,13,0.36585365853658536,0.1851851851851852,"[{""loss"": 1.1373, ""grad_norm"": NaN, ""learning_rate"": 1.4444444444444446e-05, ""epoch"": 1.0}, {""loss"": 1.0638, ""grad_norm"": 11.174093246459961, ""learning_rate"": 7.77777777777778e-06, ""epoch"": 2.0}, {""loss"": 1.0103, ""grad_norm"": 11.041061401367188, ""learning_rate"": 1.111111111111111e-06, ""epoch"": 3.0}, {""train_runtime"": 514.6477, ""train_samples_per_second"": 0.939, ""train_steps_per_second"": 0.035, ""train_loss"": 1.070481194390191, ""epoch"": 3.0}]",0.40540540540540543,0.8823529411764706,0.5555555555555556,0.0,0.0,0.0,0.0,0.0,0.0
pt,full,14,0.4146341463414634,0.1954022988505747,"[{""loss"": 1.2133, ""grad_norm"": NaN, ""learning_rate"": 1.4444444444444446e-05, ""epoch"": 1.0}, {""loss"": 1.0598, ""grad_norm"": 10.908245086669922, ""learning_rate"": 7.77777777777778e-06, ""epoch"": 2.0}, {""loss"": 1.0403, ""grad_norm"": 12.51903247833252, ""learning_rate"": 1.111111111111111e-06, ""epoch"": 3.0}, {""train_runtime"": 486.4288, ""train_samples_per_second"": 0.993, ""train_steps_per_second"": 0.037, ""train_loss"": 1.1044379340277777, ""epoch"": 3.0}]",0.4146341463414634,1.0,0.5862068965517241,0.0,0.0,0.0,0.0,0.0,0.0
pt,full,15,0.43902439024390244,0.25943646996278574,"[{""loss"": 1.0321, ""grad_norm"": NaN, ""learning_rate"": 1.4444444444444446e-05, ""epoch"": 1.0}, {""loss"": 1.0147, ""grad_norm"": 11.839954376220703, ""learning_rate"": 7.77777777777778e-06, ""epoch"": 2.0}, {""loss"": 1.0562, ""grad_norm"": 12.362225532531738, ""learning_rate"": 1.111111111111111e-06, ""epoch"": 3.0}, {""train_runtime"": 487.8535, ""train_samples_per_second"": 0.99, ""train_steps_per_second"": 0.037, ""train_loss"": 1.0343424479166667, ""epoch"": 3.0}]",0.425,1.0,0.5964912280701754,1.0,0.1,0.18181818181818182,0.0,0.0,0.0
pt,full,16,0.4146341463414634,0.3021181716833891,"[{""loss"": 1.0824, ""grad_norm"": NaN, ""learning_rate"": 1.4444444444444446e-05, ""epoch"": 1.0}, {""loss"": 1.1133, ""grad_norm"": 13.00312328338623, ""learning_rate"": 7.77777777777778e-06, ""epoch"": 2.0}, {""loss"": 1.0434, ""grad_norm"": 10.999011039733887, ""learning_rate"": 1.111111111111111e-06, ""epoch"": 3.0}, {""train_runtime"": 495.4385, ""train_samples_per_second"": 0.975, ""train_steps_per_second"": 0.036, ""train_loss"": 1.0797068277994792, ""epoch"": 3.0}]",0.41379310344827586,0.7058823529411765,0.5217391304347826,0.0,0.0,0.0,0.4166666666666667,0.35714285714285715,0.38461538461538464
pt,full,17,0.4146341463414634,0.1954022988505747,"[{""loss"": 1.0963, ""grad_norm"": NaN, ""learning_rate"": 1.4444444444444446e-05, ""epoch"": 1.0}, {""loss"": 1.0823, ""grad_norm"": 13.661203384399414, ""learning_rate"": 7.77777777777778e-06, ""epoch"": 2.0}, {""loss"": 1.0643, ""grad_norm"": 14.340703010559082, ""learning_rate"": 1.111111111111111e-06, ""epoch"": 3.0}, {""train_runtime"": 495.653, ""train_samples_per_second"": 0.974, ""train_steps_per_second"": 0.036, ""train_loss"": 1.0809902615017362, ""epoch"": 3.0}]",0.4146341463414634,1.0,0.5862068965517241,0.0,0.0,0.0,0.0,0.0,0.0
pt,full,18,0.4146341463414634,0.1954022988505747,"[{""loss"": 1.0949, ""grad_norm"": NaN, ""learning_rate"": 1.4444444444444446e-05, ""epoch"": 1.0}, {""loss"": 1.0417, ""grad_norm"": 10.054364204406738, ""learning_rate"": 7.77777777777778e-06, ""epoch"": 2.0}, {""loss"": 1.0611, ""grad_norm"": 12.003028869628906, ""learning_rate"": 1.111111111111111e-06, ""epoch"": 3.0}, {""train_runtime"": 482.3942, ""train_samples_per_second"": 1.001, ""train_steps_per_second"": 0.037, ""train_loss"": 1.0658916897243924, ""epoch"": 3.0}]",0.4146341463414634,1.0,0.5862068965517241,0.0,0.0,0.0,0.0,0.0,0.0
pt,full,19,0.4634146341463415,0.30128205128205127,"[{""loss"": 1.0614, ""grad_norm"": NaN, ""learning_rate"": 1.4444444444444446e-05, ""epoch"": 1.0}, {""loss"": 1.1062, ""grad_norm"": 13.422069549560547, ""learning_rate"": 7.77777777777778e-06, ""epoch"": 2.0}, {""loss"": 0.9882, ""grad_norm"": 11.359082221984863, ""learning_rate"": 1.111111111111111e-06, ""epoch"": 3.0}, {""train_runtime"": 494.7108, ""train_samples_per_second"": 0.976, ""train_steps_per_second"": 0.036, ""train_loss"": 1.0519688924153645, ""epoch"": 3.0}]",0.4857142857142857,1.0,0.6538461538461539,0.3333333333333333,0.2,0.25,0.0,0.0,0.0
pt,full,20,0.4634146341463415,0.2857142857142857,"[{""loss"": 1.0767, ""grad_norm"": NaN, ""learning_rate"": 1.4444444444444446e-05, ""epoch"": 1.0}, {""loss"": 1.0386, ""grad_norm"": 11.025059700012207, ""learning_rate"": 7.77777777777778e-06, ""epoch"": 2.0}, {""loss"": 1.1612, ""grad_norm"": Infinity, ""learning_rate"": 2.222222222222222e-06, ""epoch"": 3.0}, {""train_runtime"": 498.2058, ""train_samples_per_second"": 0.969, ""train_steps_per_second"": 0.036, ""train_loss"": 1.0921588473849826, ""epoch"": 3.0}]",0.5,1.0,0.6666666666666666,0.0,0.0,0.0,0.2857142857142857,0.14285714285714285,0.19047619047619047
pt,full,21,0.5121951219512195,0.37481481481481477,"[{""loss"": 1.0867, ""grad_norm"": NaN, ""learning_rate"": 1.4444444444444446e-05, ""epoch"": 1.0}, {""loss"": 1.0223, ""grad_norm"": 10.514934539794922, ""learning_rate"": 7.77777777777778e-06, ""epoch"": 2.0}, {""loss"": 1.008, ""grad_norm"": 11.191027641296387, ""learning_rate"": 1.111111111111111e-06, ""epoch"": 3.0}, {""train_runtime"": 490.5836, ""train_samples_per_second"": 0.985, ""train_steps_per_second"": 0.037, ""train_loss"": 1.039019266764323, ""epoch"": 3.0}]",0.5151515151515151,1.0,0.68,0.5,0.4,0.4444444444444444,0.0,0.0,0.0
pt,full,22,0.4146341463414634,0.23456790123456792,"[{""loss"": 1.0903, ""grad_norm"": NaN, ""learning_rate"": 1.4444444444444446e-05, ""epoch"": 1.0}, {""loss"": 1.1188, ""grad_norm"": Infinity, ""learning_rate"": 8.888888888888888e-06, ""epoch"": 2.0}, {""loss"": 1.0628, ""grad_norm"": 12.437166213989258, ""learning_rate"": 2.222222222222222e-06, ""epoch"": 3.0}, {""train_runtime"": 503.2267, ""train_samples_per_second"": 0.96, ""train_steps_per_second"": 0.036, ""train_loss"": 1.0906253390842013, ""epoch"": 3.0}]",0.43243243243243246,0.9411764705882353,0.5925925925925926,0.0,0.0,0.0,0.25,0.07142857142857142,0.1111111111111111
pt,full,23,0.4146341463414634,0.1954022988505747,"[{""loss"": 1.2015, ""grad_norm"": NaN, ""learning_rate"": 1.4444444444444446e-05, ""epoch"": 1.0}, {""loss"": 1.0235, ""grad_norm"": 11.456374168395996, ""learning_rate"": 7.77777777777778e-06, ""epoch"": 2.0}, {""loss"": 1.0215, ""grad_norm"": 15.673051834106445, ""learning_rate"": 1.111111111111111e-06, ""epoch"": 3.0}, {""train_runtime"": 493.0795, ""train_samples_per_second"": 0.98, ""train_steps_per_second"": 0.037, ""train_loss"": 1.0821974012586806, ""epoch"": 3.0}]",0.4146341463414634,1.0,0.5862068965517241,0.0,0.0,0.0,0.0,0.0,0.0
pt,full,24,0.4146341463414634,0.1954022988505747,"[{""loss"": 1.0996, ""grad_norm"": NaN, ""learning_rate"": 1.4444444444444446e-05, ""epoch"": 1.0}, {""loss"": 1.104, ""grad_norm"": 12.809706687927246, ""learning_rate"": 7.77777777777778e-06, ""epoch"": 2.0}, {""loss"": 1.0818, ""grad_norm"": 13.980927467346191, ""learning_rate"": 1.111111111111111e-06, ""epoch"": 3.0}, {""train_runtime"": 493.0789, ""train_samples_per_second"": 0.98, ""train_steps_per_second"": 0.037, ""train_loss"": 1.095139397515191, ""epoch"": 3.0}]",0.4146341463414634,1.0,0.5862068965517241,0.0,0.0,0.0,0.0,0.0,0.0
pt,full,25,0.4146341463414634,0.1954022988505747,"[{""loss"": 1.1016, ""grad_norm"": NaN, ""learning_rate"": 1.4444444444444446e-05, ""epoch"": 1.0}, {""loss"": 1.0478, ""grad_norm"": 12.974329948425293, ""learning_rate"": 7.77777777777778e-06, ""epoch"": 2.0}, {""loss"": 0.991, ""grad_norm"": 10.887616157531738, ""learning_rate"": 1.111111111111111e-06, ""epoch"": 3.0}, {""train_runtime"": 493.2912, ""train_samples_per_second"": 0.979, ""train_steps_per_second"": 0.036, ""train_loss"": 1.046799553765191, ""epoch"": 3.0}]",0.4146341463414634,1.0,0.5862068965517241,0.0,0.0,0.0,0.0,0.0,0.0
pt,full,26,0.4146341463414634,0.1954022988505747,"[{""loss"": 1.0674, ""grad_norm"": NaN, ""learning_rate"": 1.4444444444444446e-05, ""epoch"": 1.0}, {""loss"": 1.0201, ""grad_norm"": 9.894609451293945, ""learning_rate"": 7.77777777777778e-06, ""epoch"": 2.0}, {""loss"": 0.9818, ""grad_norm"": 9.443336486816406, ""learning_rate"": 1.111111111111111e-06, ""epoch"": 3.0}, {""train_runtime"": 518.4007, ""train_samples_per_second"": 0.932, ""train_steps_per_second"": 0.035, ""train_loss"": 1.0231187608506944, ""epoch"": 3.0}]",0.4146341463414634,1.0,0.5862068965517241,0.0,0.0,0.0,0.0,0.0,0.0
pt,full,27,0.43902439024390244,0.24327485380116956,"[{""loss"": 1.0796, ""grad_norm"": NaN, ""learning_rate"": 1.4444444444444446e-05, ""epoch"": 1.0}, {""loss"": 1.0363, ""grad_norm"": 11.556943893432617, ""learning_rate"": 7.77777777777778e-06, ""epoch"": 2.0}, {""loss"": 1.0878, ""grad_norm"": Infinity, ""learning_rate"": 2.222222222222222e-06, ""epoch"": 3.0}, {""train_runtime"": 488.8474, ""train_samples_per_second"": 0.988, ""train_steps_per_second"": 0.037, ""train_loss"": 1.0679050021701388, ""epoch"": 3.0}]",0.425,1.0,0.5964912280701754,0.0,0.0,0.0,1.0,0.07142857142857142,0.13333333333333333
pt,full,28,0.4146341463414634,0.2588546838795101,"[{""loss"": 1.0765, ""grad_norm"": NaN, ""learning_rate"": 1.4444444444444446e-05, ""epoch"": 1.0}, {""loss"": 1.046, ""grad_norm"": 10.364480018615723, ""learning_rate"": 7.77777777777778e-06, ""epoch"": 2.0}, {""loss"": 1.0135, ""grad_norm"": 11.301109313964844, ""learning_rate"": 1.111111111111111e-06, ""epoch"": 3.0}, {""train_runtime"": 487.9631, ""train_samples_per_second"": 0.99, ""train_steps_per_second"": 0.037, ""train_loss"": 1.045333014594184, ""epoch"": 3.0}]",0.4166666666666667,0.8823529411764706,0.5660377358490566,0.0,0.0,0.0,0.4,0.14285714285714285,0.21052631578947367
pt,full,29,0.4146341463414634,0.1954022988505747,"[{""loss"": 1.0361, ""grad_norm"": NaN, ""learning_rate"": 1.4444444444444446e-05, ""epoch"": 1.0}, {""loss"": 1.0429, ""grad_norm"": 9.891283988952637, ""learning_rate"": 7.77777777777778e-06, ""epoch"": 2.0}, {""loss"": 1.0597, ""grad_norm"": 12.904287338256836, ""learning_rate"": 1.111111111111111e-06, ""epoch"": 3.0}, {""train_runtime"": 493.2462, ""train_samples_per_second"": 0.979, ""train_steps_per_second"": 0.036, ""train_loss"": 1.0462443033854167, ""epoch"": 3.0}]",0.4146341463414634,1.0,0.5862068965517241,0.0,0.0,0.0,0.0,0.0,0.0
pt,full,30,0.4634146341463415,0.30512820512820515,"[{""loss"": 1.0969, ""grad_norm"": NaN, ""learning_rate"": 1.4444444444444446e-05, ""epoch"": 1.0}, {""loss"": 1.0599, ""grad_norm"": 12.052495956420898, ""learning_rate"": 7.77777777777778e-06, ""epoch"": 2.0}, {""loss"": 0.9551, ""grad_norm"": 10.4754056930542, ""learning_rate"": 1.111111111111111e-06, ""epoch"": 3.0}, {""train_runtime"": 490.8857, ""train_samples_per_second"": 0.984, ""train_steps_per_second"": 0.037, ""train_loss"": 1.0373094346788194, ""epoch"": 3.0}]",0.45714285714285713,0.9411764705882353,0.6153846153846154,0.0,0.0,0.0,0.5,0.21428571428571427,0.3
en,before_2016,1,0.46153846153846156,0.3176470588235294,"[{""loss"": 1.0449, ""grad_norm"": 4.9759955406188965, ""learning_rate"": 1.3333333333333333e-05, ""epoch"": 1.0}, {""loss"": 0.9865, ""grad_norm"": 6.834043502807617, ""learning_rate"": 6.666666666666667e-06, ""epoch"": 2.0}, {""loss"": 0.9514, ""grad_norm"": Infinity, ""learning_rate"": 1.6666666666666667e-06, ""epoch"": 3.0}, {""train_runtime"": 313.2976, ""train_samples_per_second"": 0.986, ""train_steps_per_second"": 0.038, ""train_loss"": 0.9942519664764404, ""epoch"": 3.0}]",0.47368421052631576,0.8181818181818182,0.6,0.0,0.0,0.0,0.42857142857142855,0.3,0.35294117647058826
en,before_2016,2,0.38461538461538464,0.2814814814814815,"[{""loss"": 1.0704, ""grad_norm"": 12.041366577148438, ""learning_rate"": 1.3333333333333333e-05, ""epoch"": 1.0}, {""loss"": 1.0203, ""grad_norm"": 10.542263984680176, ""learning_rate"": 8.333333333333334e-06, ""epoch"": 2.0}, {""loss"": 0.954, ""grad_norm"": Infinity, ""learning_rate"": 3.3333333333333333e-06, ""epoch"": 3.0}, {""train_runtime"": 313.8548, ""train_samples_per_second"": 0.985, ""train_steps_per_second"": 0.038, ""train_loss"": 1.0149152874946594, ""epoch"": 3.0}]",0.4444444444444444,0.36363636363636365,0.4,0.0,0.0,0.0,0.35294117647058826,0.6,0.4444444444444444
en,before_2016,3,0.6153846153846154,0.45138888888888884,"[{""loss"": 1.1292, ""grad_norm"": 13.77943229675293, ""learning_rate"": 1.5000000000000002e-05, ""epoch"": 1.0}, {""loss"": 1.0238, ""grad_norm"": 3.990103006362915, ""learning_rate"": 8.333333333333334e-06, ""epoch"": 2.0}, {""loss"": 1.0075, ""grad_norm"": 7.5423078536987305, ""learning_rate"": 1.6666666666666667e-06, ""epoch"": 3.0}, {""train_runtime"": 309.8247, ""train_samples_per_second"": 0.997, ""train_steps_per_second"": 0.039, ""train_loss"": 1.0534882545471191, ""epoch"": 3.0}]",0.5238095238095238,1.0,0.6875,0.0,0.0,0.0,1.0,0.5,0.6666666666666666
en,before_2016,4,0.4230769230769231,0.3115942028985507,"[{""loss"": 1.1031, ""grad_norm"": 6.700770854949951, ""learning_rate"": 1.3333333333333333e-05, ""epoch"": 1.0}, {""loss"": 0.9828, ""grad_norm"": 9.288023948669434, ""learning_rate"": 6.666666666666667e-06, ""epoch"": 2.0}, {""loss"": 0.9902, ""grad_norm"": 6.890635967254639, ""learning_rate"": 0.0, ""epoch"": 3.0}, {""train_runtime"": 314.9394, ""train_samples_per_second"": 0.981, ""train_steps_per_second"": 0.038, ""train_loss"": 1.0253560940424602, ""epoch"": 3.0}]",0.46153846153846156,0.5454545454545454,0.5,0.0,0.0,0.0,0.38461538461538464,0.5,0.43478260869565216
en,before_2016,5,0.6153846153846154,0.452991452991453,"[{""loss"": 1.0189, ""grad_norm"": 6.096909046173096, ""learning_rate"": 1.3333333333333333e-05, ""epoch"": 1.0}, {""loss"": 0.986, ""grad_norm"": 4.931352615356445, ""learning_rate"": 6.666666666666667e-06, ""epoch"": 2.0}, {""loss"": 1.0438, ""grad_norm"": 12.667338371276855, ""learning_rate"": 0.0, ""epoch"": 3.0}, {""train_runtime"": 323.0592, ""train_samples_per_second"": 0.956, ""train_steps_per_second"": 0.037, ""train_loss"": 1.0161999464035034, ""epoch"": 3.0}]",0.6,0.8181818181818182,0.6923076923076923,0.0,0.0,0.0,0.6363636363636364,0.7,0.6666666666666666
en,before_2016,6,0.46153846153846156,0.26430976430976433,"[{""loss"": 1.0641, ""grad_norm"": 6.3312907218933105, ""learning_rate"": 1.3333333333333333e-05, ""epoch"": 1.0}, {""loss"": 1.0205, ""grad_norm"": 9.758605003356934, ""learning_rate"": 6.666666666666667e-06, ""epoch"": 2.0}, {""loss"": 1.0699, ""grad_norm"": 10.602212905883789, ""learning_rate"": 0.0, ""epoch"": 3.0}, {""train_runtime"": 315.915, ""train_samples_per_second"": 0.978, ""train_steps_per_second"": 0.038, ""train_loss"": 1.0515189170837402, ""epoch"": 3.0}]",0.44,1.0,0.6111111111111112,0.0,0.0,0.0,1.0,0.1,0.18181818181818182
en,before_2016,7,0.5384615384615384,0.39734299516908217,"[{""loss"": 1.0564, ""grad_norm"": 6.739258766174316, ""learning_rate"": 1.3333333333333333e-05, ""epoch"": 1.0}, {""loss"": 1.0023, ""grad_norm"": Infinity, ""learning_rate"": 8.333333333333334e-06, ""epoch"": 2.0}, {""loss"": 0.9736, ""grad_norm"": 6.815119743347168, ""learning_rate"": 1.6666666666666667e-06, ""epoch"": 3.0}, {""train_runtime"": 314.8742, ""train_samples_per_second"": 0.981, ""train_steps_per_second"": 0.038, ""train_loss"": 1.0107483466466267, ""epoch"": 3.0}]",0.5384615384615384,0.6363636363636364,0.5833333333333334,0.0,0.0,0.0,0.5384615384615384,0.7,0.6086956521739131
en,before_2016,8,0.6538461538461539,0.4802469135802469,"[{""loss"": 1.054, ""grad_norm"": 7.147471904754639, ""learning_rate"": 1.3333333333333333e-05, ""epoch"": 1.0}, {""loss"": 1.013, ""grad_norm"": 9.19095230102539, ""learning_rate"": 6.666666666666667e-06, ""epoch"": 2.0}, {""loss"": 0.9818, ""grad_norm"": 6.905768871307373, ""learning_rate"": 0.0, ""epoch"": 3.0}, {""train_runtime"": 313.7106, ""train_samples_per_second"": 0.985, ""train_steps_per_second"": 0.038, ""train_loss"": 1.016242225964864, ""epoch"": 3.0}]",0.625,0.9090909090909091,0.7407407407407407,0.0,0.0,0.0,0.7,0.7,0.7
en,before_2016,9,0.5769230769230769,0.4222222222222222,"[{""loss"": 1.0867, ""grad_norm"": 4.877129554748535, ""learning_rate"": 1.3333333333333333e-05, ""epoch"": 1.0}, {""loss"": 0.9963, ""grad_norm"": 9.000665664672852, ""learning_rate"": 6.666666666666667e-06, ""epoch"": 2.0}, {""loss"": 1.012, ""grad_norm"": 9.300878524780273, ""learning_rate"": 0.0, ""epoch"": 3.0}, {""train_runtime"": 313.0174, ""train_samples_per_second"": 0.987, ""train_steps_per_second"": 0.038, ""train_loss"": 1.0316866636276245, ""epoch"": 3.0}]",0.6666666666666666,0.5454545454545454,0.6,0.0,0.0,0.0,0.5294117647058824,0.9,0.6666666666666666
en,before_2016,10,0.5769230769230769,0.41830065359477125,"[{""loss"": 1.0554, ""grad_norm"": 8.336181640625, ""learning_rate"": 1.3333333333333333e-05, ""epoch"": 1.0}, {""loss"": 1.038, ""grad_norm"": 4.549381732940674, ""learning_rate"": 6.666666666666667e-06, ""epoch"": 2.0}, {""loss"": 1.002, ""grad_norm"": 6.2095417976379395, ""learning_rate"": 0.0, ""epoch"": 3.0}, {""train_runtime"": 312.7069, ""train_samples_per_second"": 0.988, ""train_steps_per_second"": 0.038, ""train_loss"": 1.0318220456441243, ""epoch"": 3.0}]",0.5263157894736842,0.9090909090909091,0.6666666666666666,0.0,0.0,0.0,0.7142857142857143,0.5,0.5882352941176471
en,before_2016,11,0.4230769230769231,0.1981981981981982,"[{""loss"": 1.1216, ""grad_norm"": 9.568558692932129, ""learning_rate"": 1.5000000000000002e-05, ""epoch"": 1.0}, {""loss"": 1.1081, ""grad_norm"": 7.395996570587158, ""learning_rate"": 8.333333333333334e-06, ""epoch"": 2.0}, {""loss"": 1.0092, ""grad_norm"": 7.420269012451172, ""learning_rate"": 1.6666666666666667e-06, ""epoch"": 3.0}, {""train_runtime"": 310.5495, ""train_samples_per_second"": 0.995, ""train_steps_per_second"": 0.039, ""train_loss"": 1.0796229441960652, ""epoch"": 3.0}]",0.4230769230769231,1.0,0.5945945945945946,0.0,0.0,0.0,0.0,0.0,0.0
en,before_2016,12,0.46153846153846156,0.3176470588235294,"[{""loss"": 1.0407, ""grad_norm"": 10.254509925842285, ""learning_rate"": 1.3333333333333333e-05, ""epoch"": 1.0}, {""loss"": 1.0321, ""grad_norm"": 9.503594398498535, ""learning_rate"": 8.333333333333334e-06, ""epoch"": 2.0}, {""loss"": 0.9955, ""grad_norm"": 8.159324645996094, ""learning_rate"": 1.6666666666666667e-06, ""epoch"": 3.0}, {""train_runtime"": 314.2732, ""train_samples_per_second"": 0.983, ""train_steps_per_second"": 0.038, ""train_loss"": 1.0227437416712444, ""epoch"": 3.0}]",0.47368421052631576,0.8181818181818182,0.6,0.0,0.0,0.0,0.42857142857142855,0.3,0.35294117647058826
en,before_2016,13,0.5,0.3206349206349206,"[{""loss"": 1.0703, ""grad_norm"": 7.435146808624268, ""learning_rate"": 1.3333333333333333e-05, ""epoch"": 1.0}, {""loss"": 1.0765, ""grad_norm"": 8.606122970581055, ""learning_rate"": 6.666666666666667e-06, ""epoch"": 2.0}, {""loss"": 1.0338, ""grad_norm"": 7.722587585449219, ""learning_rate"": 0.0, ""epoch"": 3.0}, {""train_runtime"": 314.482, ""train_samples_per_second"": 0.983, ""train_steps_per_second"": 0.038, ""train_loss"": 1.0601768891016643, ""epoch"": 3.0}]",0.4583333333333333,1.0,0.6285714285714286,0.0,0.0,0.0,1.0,0.2,0.3333333333333333
en,before_2016,14,0.34615384615384615,0.24812030075187966,"[{""loss"": 1.0826, ""grad_norm"": 5.044731616973877, ""learning_rate"": 1.3333333333333333e-05, ""epoch"": 1.0}, {""loss"": 0.9829, ""grad_norm"": Infinity, ""learning_rate"": 8.333333333333334e-06, ""epoch"": 2.0}, {""loss"": 0.9801, ""grad_norm"": 13.378558158874512, ""learning_rate"": 1.6666666666666667e-06, ""epoch"": 3.0}, {""train_runtime"": 309.5946, ""train_samples_per_second"": 0.998, ""train_steps_per_second"": 0.039, ""train_loss"": 1.0151886940002441, ""epoch"": 3.0}]",0.375,0.2727272727272727,0.3157894736842105,0.0,0.0,0.0,0.3333333333333333,0.6,0.42857142857142855
en,before_2016,15,0.46153846153846156,0.2736111111111111,"[{""loss"": 1.0809, ""grad_norm"": 5.077274799346924, ""learning_rate"": 1.3333333333333333e-05, ""epoch"": 1.0}, {""loss"": 0.9913, ""grad_norm"": Infinity, ""learning_rate"": 8.333333333333334e-06, ""epoch"": 2.0}, {""loss"": 0.9905, ""grad_norm"": 7.092966079711914, ""learning_rate"": 3.3333333333333333e-06, ""epoch"": 3.0}, {""train_runtime"": 310.5863, ""train_samples_per_second"": 0.995, ""train_steps_per_second"": 0.039, ""train_loss"": 1.0209096272786458, ""epoch"": 3.0}]",0.5238095238095238,1.0,0.6875,0.0,0.0,0.0,0.2,0.1,0.13333333333333333
en,before_2016,16,0.5384615384615384,0.3951515151515152,"[{""loss"": 1.0521, ""grad_norm"": 8.840231895446777, ""learning_rate"": 1.3333333333333333e-05, ""epoch"": 1.0}, {""loss"": 0.9936, ""grad_norm"": 6.806879997253418, ""learning_rate"": 6.666666666666667e-06, ""epoch"": 2.0}, {""loss"": 0.9629, ""grad_norm"": 6.919466972351074, ""learning_rate"": 0.0, ""epoch"": 3.0}, {""train_runtime"": 324.2403, ""train_samples_per_second"": 0.953, ""train_steps_per_second"": 0.037, ""train_loss"": 1.0028746525446575, ""epoch"": 3.0}]",0.5714285714285714,0.7272727272727273,0.64,0.0,0.0,0.0,0.5,0.6,0.5454545454545454
en,before_2016,17,0.38461538461538464,0.2720306513409962,"[{""loss"": 1.0709, ""grad_norm"": 9.573380470275879, ""learning_rate"": 1.3333333333333333e-05, ""epoch"": 1.0}, {""loss"": 1.0158, ""grad_norm"": 6.404930114746094, ""learning_rate"": 6.666666666666667e-06, ""epoch"": 2.0}, {""loss"": 1.047, ""grad_norm"": Infinity, ""learning_rate"": 1.6666666666666667e-06, ""epoch"": 3.0}, {""train_runtime"": 317.2038, ""train_samples_per_second"": 0.974, ""train_steps_per_second"": 0.038, ""train_loss"": 1.0445812940597534, ""epoch"": 3.0}]",0.42857142857142855,0.2727272727272727,0.3333333333333333,0.0,0.0,0.0,0.3684210526315789,0.7,0.4827586206896552
en,before_2016,18,0.6538461538461539,0.48188405797101447,"[{""loss"": 1.0838, ""grad_norm"": 6.229711532592773, ""learning_rate"": 1.3333333333333333e-05, ""epoch"": 1.0}, {""loss"": 1.0318, ""grad_norm"": 9.60128402709961, ""learning_rate"": 6.666666666666667e-06, ""epoch"": 2.0}, {""loss"": 1.0375, ""grad_norm"": 4.8520941734313965, ""learning_rate"": 0.0, ""epoch"": 3.0}, {""train_runtime"": 310.2137, ""train_samples_per_second"": 0.996, ""train_steps_per_second"": 0.039, ""train_loss"": 1.0510388215382893, ""epoch"": 3.0}]",0.6923076923076923,0.8181818181818182,0.75,0.0,0.0,0.0,0.6153846153846154,0.8,0.6956521739130435
en,before_2016,19,0.38461538461538464,0.2277526395173454,"[{""loss"": 1.0766, ""grad_norm"": 6.295544624328613, ""learning_rate"": 1.3333333333333333e-05, ""epoch"": 1.0}, {""loss"": 0.9543, ""grad_norm"": 4.775654315948486, ""learning_rate"": 6.666666666666667e-06, ""epoch"": 2.0}, {""loss"": 0.9633, ""grad_norm"": Infinity, ""learning_rate"": 1.6666666666666667e-06, ""epoch"": 3.0}, {""train_runtime"": 311.2937, ""train_samples_per_second"": 0.993, ""train_steps_per_second"": 0.039, ""train_loss"": 0.9980799357096354, ""epoch"": 3.0}]",0.5,0.09090909090909091,0.15384615384615385,0.0,0.0,0.0,0.375,0.9,0.5294117647058824
en,before_2016,20,0.34615384615384615,0.23684210526315788,"[{""loss"": 1.0817, ""grad_norm"": 7.801307201385498, ""learning_rate"": 1.3333333333333333e-05, ""epoch"": 1.0}, {""loss"": 1.0133, ""grad_norm"": 4.023022651672363, ""learning_rate"": 6.666666666666667e-06, ""epoch"": 2.0}, {""loss"": 1.0483, ""grad_norm"": 9.178914070129395, ""learning_rate"": 0.0, ""epoch"": 3.0}, {""train_runtime"": 308.3363, ""train_samples_per_second"": 1.002, ""train_steps_per_second"": 0.039, ""train_loss"": 1.0477721293767293, ""epoch"": 3.0}]",0.25,0.18181818181818182,0.21052631578947367,0.0,0.0,0.0,0.3888888888888889,0.7,0.5
en,before_2016,21,0.5,0.3550446998722861,"[{""loss"": 1.0321, ""grad_norm"": 9.782669067382812, ""learning_rate"": 1.3333333333333333e-05, ""epoch"": 1.0}, {""loss"": 1.0178, ""grad_norm"": Infinity, ""learning_rate"": 8.333333333333334e-06, ""epoch"": 2.0}, {""loss"": 0.9563, ""grad_norm"": 5.794872283935547, ""learning_rate"": 1.6666666666666667e-06, ""epoch"": 3.0}, {""train_runtime"": 312.1654, ""train_samples_per_second"": 0.99, ""train_steps_per_second"": 0.038, ""train_loss"": 1.0020703077316284, ""epoch"": 3.0}]",0.5,0.8181818181818182,0.6206896551724138,0.0,0.0,0.0,0.5,0.4,0.4444444444444444
en,before_2016,22,0.6923076923076923,0.5121328224776501,"[{""loss"": 1.0826, ""grad_norm"": 10.001949310302734, ""learning_rate"": 1.3333333333333333e-05, ""epoch"": 1.0}, {""loss"": 1.0268, ""grad_norm"": 6.397153854370117, ""learning_rate"": 6.666666666666667e-06, ""epoch"": 2.0}, {""loss"": 1.0485, ""grad_norm"": 6.955578804016113, ""learning_rate"": 0.0, ""epoch"": 3.0}, {""train_runtime"": 310.9282, ""train_samples_per_second"": 0.994, ""train_steps_per_second"": 0.039, ""train_loss"": 1.0526189009348552, ""epoch"": 3.0}]",0.6111111111111112,1.0,0.7586206896551724,0.0,0.0,0.0,0.875,0.7,0.7777777777777778
en,before_2016,23,0.6538461538461539,0.4724310776942356,"[{""loss"": 1.0742, ""grad_norm"": 4.606468200683594, ""learning_rate"": 1.3333333333333333e-05, ""epoch"": 1.0}, {""loss"": 1.0355, ""grad_norm"": 5.816074371337891, ""learning_rate"": 6.666666666666667e-06, ""epoch"": 2.0}, {""loss"": 1.0011, ""grad_norm"": 8.50990104675293, ""learning_rate"": 0.0, ""epoch"": 3.0}, {""train_runtime"": 316.0966, ""train_samples_per_second"": 0.978, ""train_steps_per_second"": 0.038, ""train_loss"": 1.0369130373001099, ""epoch"": 3.0}]",0.6470588235294118,1.0,0.7857142857142857,0.0,0.0,0.0,0.6666666666666666,0.6,0.631578947368421
en,before_2016,24,0.5384615384615384,0.39753086419753086,"[{""loss"": 1.0748, ""grad_norm"": 4.531737804412842, ""learning_rate"": 1.3333333333333333e-05, ""epoch"": 1.0}, {""loss"": 0.9937, ""grad_norm"": 5.349310874938965, ""learning_rate"": 6.666666666666667e-06, ""epoch"": 2.0}, {""loss"": 0.9677, ""grad_norm"": Infinity, ""learning_rate"": 1.6666666666666667e-06, ""epoch"": 3.0}, {""train_runtime"": 311.6603, ""train_samples_per_second"": 0.991, ""train_steps_per_second"": 0.039, ""train_loss"": 1.0120733380317688, ""epoch"": 3.0}]",0.5,0.7272727272727273,0.5925925925925926,0.0,0.0,0.0,0.6,0.6,0.6
en,before_2016,25,0.6153846153846154,0.4528985507246377,"[{""loss"": 1.0728, ""grad_norm"": 4.119941711425781, ""learning_rate"": 1.3333333333333333e-05, ""epoch"": 1.0}, {""loss"": 1.0308, ""grad_norm"": 3.7263615131378174, ""learning_rate"": 6.666666666666667e-06, ""epoch"": 2.0}, {""loss"": 0.9823, ""grad_norm"": 3.1544477939605713, ""learning_rate"": 0.0, ""epoch"": 3.0}, {""train_runtime"": 313.8859, ""train_samples_per_second"": 0.984, ""train_steps_per_second"": 0.038, ""train_loss"": 1.0286425352096558, ""epoch"": 3.0}]",0.6923076923076923,0.8181818181818182,0.75,0.0,0.0,0.0,0.5384615384615384,0.7,0.6086956521739131
en,before_2016,26,0.5384615384615384,0.3956043956043956,"[{""loss"": 1.0349, ""grad_norm"": 6.375369071960449, ""learning_rate"": 1.3333333333333333e-05, ""epoch"": 1.0}, {""loss"": 1.0387, ""grad_norm"": 6.691518783569336, ""learning_rate"": 6.666666666666667e-06, ""epoch"": 2.0}, {""loss"": 0.9732, ""grad_norm"": 5.228248596191406, ""learning_rate"": 0.0, ""epoch"": 3.0}, {""train_runtime"": 314.5654, ""train_samples_per_second"": 0.982, ""train_steps_per_second"": 0.038, ""train_loss"": 1.0156126618385315, ""epoch"": 3.0}]",0.5333333333333333,0.7272727272727273,0.6153846153846154,0.0,0.0,0.0,0.5454545454545454,0.6,0.5714285714285714
en,before_2016,27,0.46153846153846156,0.3308270676691729,"[{""loss"": 1.0423, ""grad_norm"": 5.587039470672607, ""learning_rate"": 1.3333333333333333e-05, ""epoch"": 1.0}, {""loss"": 0.9934, ""grad_norm"": 6.081287860870361, ""learning_rate"": 6.666666666666667e-06, ""epoch"": 2.0}, {""loss"": 0.9724, ""grad_norm"": 7.929532051086426, ""learning_rate"": 0.0, ""epoch"": 3.0}, {""train_runtime"": 315.098, ""train_samples_per_second"": 0.981, ""train_steps_per_second"": 0.038, ""train_loss"": 1.0026919047037761, ""epoch"": 3.0}]",0.47058823529411764,0.7272727272727273,0.5714285714285714,0.0,0.0,0.0,0.4444444444444444,0.4,0.42105263157894735
en,before_2016,28,0.5769230769230769,0.42909090909090913,"[{""loss"": 1.0993, ""grad_norm"": 6.451590061187744, ""learning_rate"": 1.3333333333333333e-05, ""epoch"": 1.0}, {""loss"": 0.9821, ""grad_norm"": 10.062973022460938, ""learning_rate"": 6.666666666666667e-06, ""epoch"": 2.0}, {""loss"": 0.9577, ""grad_norm"": 7.445440292358398, ""learning_rate"": 0.0, ""epoch"": 3.0}, {""train_runtime"": 312.7857, ""train_samples_per_second"": 0.988, ""train_steps_per_second"": 0.038, ""train_loss"": 1.01301376024882, ""epoch"": 3.0}]",0.5,0.6363636363636364,0.56,0.0,0.0,0.0,0.6666666666666666,0.8,0.7272727272727273
en,before_2016,29,0.38461538461538464,0.1851851851851852,"[{""loss"": 1.0503, ""grad_norm"": 3.9412710666656494, ""learning_rate"": 1.3333333333333333e-05, ""epoch"": 1.0}, {""loss"": 1.0757, ""grad_norm"": 12.73354434967041, ""learning_rate"": 6.666666666666667e-06, ""epoch"": 2.0}, {""loss"": 1.0557, ""grad_norm"": 16.286123275756836, ""learning_rate"": 0.0, ""epoch"": 3.0}, {""train_runtime"": 312.7285, ""train_samples_per_second"": 0.988, ""train_steps_per_second"": 0.038, ""train_loss"": 1.0605766773223877, ""epoch"": 3.0}]",0.4,0.9090909090909091,0.5555555555555556,0.0,0.0,0.0,0.0,0.0,0.0
en,before_2016,30,0.5,0.31746031746031744,"[{""loss"": 1.0903, ""grad_norm"": 3.704664707183838, ""learning_rate"": 1.3333333333333333e-05, ""epoch"": 1.0}, {""loss"": 1.0225, ""grad_norm"": 6.632812976837158, ""learning_rate"": 6.666666666666667e-06, ""epoch"": 2.0}, {""loss"": 1.0185, ""grad_norm"": 5.05263090133667, ""learning_rate"": 0.0, ""epoch"": 3.0}, {""train_runtime"": 324.5418, ""train_samples_per_second"": 0.952, ""train_steps_per_second"": 0.037, ""train_loss"": 1.0437736511230469, ""epoch"": 3.0}]",0.5,1.0,0.6666666666666666,0.0,0.0,0.0,0.5,0.2,0.2857142857142857
en,after_2016,1,0.6,0.4444444444444444,"[{""loss"": 1.1059, ""grad_norm"": 2.7897863388061523, ""learning_rate"": 1.3333333333333333e-05, ""epoch"": 1.0}, {""loss"": 1.0733, ""grad_norm"": 2.0243093967437744, ""learning_rate"": 6.666666666666667e-06, ""epoch"": 2.0}, {""loss"": 1.0965, ""grad_norm"": 2.4029781818389893, ""learning_rate"": 0.0, ""epoch"": 3.0}, {""train_runtime"": 180.7685, ""train_samples_per_second"": 0.963, ""train_steps_per_second"": 0.033, ""train_loss"": 1.0919113159179688, ""epoch"": 3.0}]",0.5,1.0,0.6666666666666666,1.0,0.5,0.6666666666666666,0.0,0.0,0.0
en,after_2016,2,0.4,0.19047619047619047,"[{""loss"": 1.0929, ""grad_norm"": 1.9653578996658325, ""learning_rate"": 1.3333333333333333e-05, ""epoch"": 1.0}, {""loss"": 1.0836, ""grad_norm"": 2.9207451343536377, ""learning_rate"": 6.666666666666667e-06, ""epoch"": 2.0}, {""loss"": 1.0863, ""grad_norm"": 2.536461353302002, ""learning_rate"": 0.0, ""epoch"": 3.0}, {""train_runtime"": 178.9588, ""train_samples_per_second"": 0.972, ""train_steps_per_second"": 0.034, ""train_loss"": 1.087591330210368, ""epoch"": 3.0}]",0.4,1.0,0.5714285714285714,0.0,0.0,0.0,0.0,0.0,0.0
en,after_2016,3,0.5333333333333333,0.3686274509803922,"[{""loss"": 1.0934, ""grad_norm"": 1.8352781534194946, ""learning_rate"": 1.3333333333333333e-05, ""epoch"": 1.0}, {""loss"": 1.0837, ""grad_norm"": 2.7330479621887207, ""learning_rate"": 6.666666666666667e-06, ""epoch"": 2.0}, {""loss"": 1.0344, ""grad_norm"": 2.937351703643799, ""learning_rate"": 0.0, ""epoch"": 3.0}, {""train_runtime"": 180.1949, ""train_samples_per_second"": 0.966, ""train_steps_per_second"": 0.033, ""train_loss"": 1.070475459098816, ""epoch"": 3.0}]",0.5454545454545454,1.0,0.7058823529411765,0.5,0.3333333333333333,0.4,0.0,0.0,0.0
en,after_2016,4,0.4666666666666667,0.29523809523809524,"[{""loss"": 1.0557, ""grad_norm"": 3.4220526218414307, ""learning_rate"": 1.3333333333333333e-05, ""epoch"": 1.0}, {""loss"": 1.1095, ""grad_norm"": 5.300319671630859, ""learning_rate"": 6.666666666666667e-06, ""epoch"": 2.0}, {""loss"": 1.054, ""grad_norm"": 3.9750845432281494, ""learning_rate"": 0.0, ""epoch"": 3.0}, {""train_runtime"": 178.745, ""train_samples_per_second"": 0.973, ""train_steps_per_second"": 0.034, ""train_loss"": 1.073085904121399, ""epoch"": 3.0}]",0.42857142857142855,1.0,0.6,1.0,0.16666666666666666,0.2857142857142857,0.0,0.0,0.0
en,after_2016,5,0.4,0.19047619047619047,"[{""loss"": 1.0987, ""grad_norm"": 2.0563549995422363, ""learning_rate"": 1.3333333333333333e-05, ""epoch"": 1.0}, {""loss"": 1.0745, ""grad_norm"": 3.900322914123535, ""learning_rate"": 6.666666666666667e-06, ""epoch"": 2.0}, {""loss"": 1.0672, ""grad_norm"": 5.015376091003418, ""learning_rate"": 0.0, ""epoch"": 3.0}, {""train_runtime"": 174.2376, ""train_samples_per_second"": 0.999, ""train_steps_per_second"": 0.034, ""train_loss"": 1.0801530679066975, ""epoch"": 3.0}]",0.4,1.0,0.5714285714285714,0.0,0.0,0.0,0.0,0.0,0.0
en,after_2016,6,0.4,0.19047619047619047,"[{""loss"": 1.1148, ""grad_norm"": 4.4078569412231445, ""learning_rate"": 1.3333333333333333e-05, ""epoch"": 1.0}, {""loss"": 1.0852, ""grad_norm"": 4.5086822509765625, ""learning_rate"": 6.666666666666667e-06, ""epoch"": 2.0}, {""loss"": 1.0516, ""grad_norm"": 5.113753318786621, ""learning_rate"": 0.0, ""epoch"": 3.0}, {""train_runtime"": 177.365, ""train_samples_per_second"": 0.981, ""train_steps_per_second"": 0.034, ""train_loss"": 1.0838834444681804, ""epoch"": 3.0}]",0.4,1.0,0.5714285714285714,0.0,0.0,0.0,0.0,0.0,0.0
en,after_2016,7,0.5333333333333333,0.37719298245614036,"[{""loss"": 1.1261, ""grad_norm"": 4.268081188201904, ""learning_rate"": 1.3333333333333333e-05, ""epoch"": 1.0}, {""loss"": 1.0974, ""grad_norm"": 4.270049571990967, ""learning_rate"": 6.666666666666667e-06, ""epoch"": 2.0}, {""loss"": 1.0929, ""grad_norm"": 3.111288547515869, ""learning_rate"": 0.0, ""epoch"": 3.0}, {""train_runtime"": 179.7761, ""train_samples_per_second"": 0.968, ""train_steps_per_second"": 0.033, ""train_loss"": 1.1054839690526326, ""epoch"": 3.0}]",0.46153846153846156,1.0,0.631578947368421,1.0,0.3333333333333333,0.5,0.0,0.0,0.0
en,after_2016,8,0.4,0.19047619047619047,"[{""loss"": 1.0888, ""grad_norm"": 2.5396177768707275, ""learning_rate"": 1.3333333333333333e-05, ""epoch"": 1.0}, {""loss"": 1.0765, ""grad_norm"": 3.599881649017334, ""learning_rate"": 6.666666666666667e-06, ""epoch"": 2.0}, {""loss"": 1.06, ""grad_norm"": 3.318371534347534, ""learning_rate"": 0.0, ""epoch"": 3.0}, {""train_runtime"": 179.6066, ""train_samples_per_second"": 0.969, ""train_steps_per_second"": 0.033, ""train_loss"": 1.075075586636861, ""epoch"": 3.0}]",0.4,1.0,0.5714285714285714,0.0,0.0,0.0,0.0,0.0,0.0
en,after_2016,9,0.6666666666666666,0.5019607843137255,"[{""loss"": 1.092, ""grad_norm"": 1.9904626607894897, ""learning_rate"": 1.3333333333333333e-05, ""epoch"": 1.0}, {""loss"": 1.0769, ""grad_norm"": 3.2055931091308594, ""learning_rate"": 6.666666666666667e-06, ""epoch"": 2.0}, {""loss"": 1.0656, ""grad_norm"": 2.6952130794525146, ""learning_rate"": 0.0, ""epoch"": 3.0}, {""train_runtime"": 180.0716, ""train_samples_per_second"": 0.966, ""train_steps_per_second"": 0.033, ""train_loss"": 1.07817546526591, ""epoch"": 3.0}]",1.0,0.6666666666666666,0.8,0.5454545454545454,1.0,0.7058823529411765,0.0,0.0,0.0
en,after_2016,10,0.7333333333333333,0.5421245421245421,"[{""loss"": 1.0859, ""grad_norm"": Infinity, ""learning_rate"": 1.6666666666666667e-05, ""epoch"": 1.0}, {""loss"": 1.0757, ""grad_norm"": 4.3384599685668945, ""learning_rate"": 1e-05, ""epoch"": 2.0}, {""loss"": 1.0001, ""grad_norm"": 4.546214580535889, ""learning_rate"": 3.3333333333333333e-06, ""epoch"": 3.0}, {""train_runtime"": 176.4577, ""train_samples_per_second"": 0.986, ""train_steps_per_second"": 0.034, ""train_loss"": 1.053891936937968, ""epoch"": 3.0}]",0.75,1.0,0.8571428571428571,0.7142857142857143,0.8333333333333334,0.7692307692307693,0.0,0.0,0.0
en,after_2016,11,0.4,0.19047619047619047,"[{""loss"": 1.1216, ""grad_norm"": 6.098198413848877, ""learning_rate"": 1.3333333333333333e-05, ""epoch"": 1.0}, {""loss"": 1.132, ""grad_norm"": 6.320958137512207, ""learning_rate"": 6.666666666666667e-06, ""epoch"": 2.0}, {""loss"": 1.1236, ""grad_norm"": 3.7117421627044678, ""learning_rate"": 0.0, ""epoch"": 3.0}, {""train_runtime"": 180.0214, ""train_samples_per_second"": 0.967, ""train_steps_per_second"": 0.033, ""train_loss"": 1.125746488571167, ""epoch"": 3.0}]",0.4,1.0,0.5714285714285714,0.0,0.0,0.0,0.0,0.0,0.0
en,after_2016,12,0.7333333333333333,0.5457875457875457,"[{""loss"": 1.1131, ""grad_norm"": 2.9767849445343018, ""learning_rate"": 1.3333333333333333e-05, ""epoch"": 1.0}, {""loss"": 1.0469, ""grad_norm"": 3.535115957260132, ""learning_rate"": 6.666666666666667e-06, ""epoch"": 2.0}, {""loss"": 1.0314, ""grad_norm"": 4.5823564529418945, ""learning_rate"": 0.0, ""epoch"": 3.0}, {""train_runtime"": 177.3769, ""train_samples_per_second"": 0.981, ""train_steps_per_second"": 0.034, ""train_loss"": 1.063814600308736, ""epoch"": 3.0}]",0.8571428571428571,1.0,0.9230769230769231,0.625,0.8333333333333334,0.7142857142857143,0.0,0.0,0.0
en,after_2016,13,0.6,0.4444444444444444,"[{""loss"": 1.0879, ""grad_norm"": 4.363068580627441, ""learning_rate"": 1.3333333333333333e-05, ""epoch"": 1.0}, {""loss"": 1.1271, ""grad_norm"": 4.2110490798950195, ""learning_rate"": 6.666666666666667e-06, ""epoch"": 2.0}, {""loss"": 1.0758, ""grad_norm"": 2.473107099533081, ""learning_rate"": 0.0, ""epoch"": 3.0}, {""train_runtime"": 180.0525, ""train_samples_per_second"": 0.966, ""train_steps_per_second"": 0.033, ""train_loss"": 1.0969349940617878, ""epoch"": 3.0}]",0.5,1.0,0.6666666666666666,1.0,0.5,0.6666666666666666,0.0,0.0,0.0
en,after_2016,14,0.4,0.19047619047619047,"[{""loss"": 1.0999, ""grad_norm"": 3.835864305496216, ""learning_rate"": 1.3333333333333333e-05, ""epoch"": 1.0}, {""loss"": 1.0857, ""grad_norm"": 3.7189111709594727, ""learning_rate"": 6.666666666666667e-06, ""epoch"": 2.0}, {""loss"": 1.0865, ""grad_norm"": 3.3680777549743652, ""learning_rate"": 0.0, ""epoch"": 3.0}, {""train_runtime"": 178.8399, ""train_samples_per_second"": 0.973, ""train_steps_per_second"": 0.034, ""train_loss"": 1.0907060702641804, ""epoch"": 3.0}]",0.4,1.0,0.5714285714285714,0.0,0.0,0.0,0.0,0.0,0.0
en,after_2016,15,0.4,0.19047619047619047,"[{""loss"": 1.1261, ""grad_norm"": 5.29236364364624, ""learning_rate"": 1.3333333333333333e-05, ""epoch"": 1.0}, {""loss"": 1.0874, ""grad_norm"": 4.098299980163574, ""learning_rate"": 6.666666666666667e-06, ""epoch"": 2.0}, {""loss"": 1.0569, ""grad_norm"": 2.4606285095214844, ""learning_rate"": 0.0, ""epoch"": 3.0}, {""train_runtime"": 180.1686, ""train_samples_per_second"": 0.966, ""train_steps_per_second"": 0.033, ""train_loss"": 1.09012504418691, ""epoch"": 3.0}]",0.4,1.0,0.5714285714285714,0.0,0.0,0.0,0.0,0.0,0.0
en,after_2016,16,0.4,0.19047619047619047,"[{""loss"": 1.1217, ""grad_norm"": 4.631958484649658, ""learning_rate"": 1.3333333333333333e-05, ""epoch"": 1.0}, {""loss"": 1.0749, ""grad_norm"": 2.1804919242858887, ""learning_rate"": 6.666666666666667e-06, ""epoch"": 2.0}, {""loss"": 1.0944, ""grad_norm"": 2.5005130767822266, ""learning_rate"": 0.0, ""epoch"": 3.0}, {""train_runtime"": 175.6528, ""train_samples_per_second"": 0.991, ""train_steps_per_second"": 0.034, ""train_loss"": 1.0970120429992676, ""epoch"": 3.0}]",0.4,1.0,0.5714285714285714,0.0,0.0,0.0,0.0,0.0,0.0
en,after_2016,17,0.4,0.19047619047619047,"[{""loss"": 1.0596, ""grad_norm"": 1.8373973369598389, ""learning_rate"": 1.3333333333333333e-05, ""epoch"": 1.0}, {""loss"": 1.104, ""grad_norm"": 3.3863608837127686, ""learning_rate"": 6.666666666666667e-06, ""epoch"": 2.0}, {""loss"": 1.1008, ""grad_norm"": 3.2239110469818115, ""learning_rate"": 0.0, ""epoch"": 3.0}, {""train_runtime"": 179.2939, ""train_samples_per_second"": 0.97, ""train_steps_per_second"": 0.033, ""train_loss"": 1.0881038109461467, ""epoch"": 3.0}]",0.0,0.0,0.0,0.4,1.0,0.5714285714285714,0.0,0.0,0.0
en,after_2016,18,0.5333333333333333,0.37719298245614036,"[{""loss"": 1.1004, ""grad_norm"": 2.3820579051971436, ""learning_rate"": 1.3333333333333333e-05, ""epoch"": 1.0}, {""loss"": 1.0249, ""grad_norm"": 3.334294319152832, ""learning_rate"": 6.666666666666667e-06, ""epoch"": 2.0}, {""loss"": 1.011, ""grad_norm"": 5.463130474090576, ""learning_rate"": 0.0, ""epoch"": 3.0}, {""train_runtime"": 179.0745, ""train_samples_per_second"": 0.972, ""train_steps_per_second"": 0.034, ""train_loss"": 1.04542076587677, ""epoch"": 3.0}]",1.0,0.3333333333333333,0.5,0.46153846153846156,1.0,0.631578947368421,0.0,0.0,0.0
en,after_2016,19,0.6,0.4444444444444444,"[{""loss"": 1.0905, ""grad_norm"": 3.3168890476226807, ""learning_rate"": 1.3333333333333333e-05, ""epoch"": 1.0}, {""loss"": 1.0408, ""grad_norm"": 5.055837154388428, ""learning_rate"": 6.666666666666667e-06, ""epoch"": 2.0}, {""loss"": 1.0156, ""grad_norm"": 4.432977199554443, ""learning_rate"": 0.0, ""epoch"": 3.0}, {""train_runtime"": 179.4153, ""train_samples_per_second"": 0.97, ""train_steps_per_second"": 0.033, ""train_loss"": 1.0489681959152222, ""epoch"": 3.0}]",0.5,1.0,0.6666666666666666,1.0,0.5,0.6666666666666666,0.0,0.0,0.0
en,after_2016,20,0.4,0.19047619047619047,"[{""loss"": 1.0968, ""grad_norm"": 2.9756150245666504, ""learning_rate"": 1.3333333333333333e-05, ""epoch"": 1.0}, {""loss"": 1.1172, ""grad_norm"": 3.2045862674713135, ""learning_rate"": 6.666666666666667e-06, ""epoch"": 2.0}, {""loss"": 1.1033, ""grad_norm"": 2.370507001876831, ""learning_rate"": 0.0, ""epoch"": 3.0}, {""train_runtime"": 178.9088, ""train_samples_per_second"": 0.973, ""train_steps_per_second"": 0.034, ""train_loss"": 1.105772336324056, ""epoch"": 3.0}]",0.4,1.0,0.5714285714285714,0.0,0.0,0.0,0.0,0.0,0.0
en,after_2016,21,0.4666666666666667,0.29523809523809524,"[{""loss"": 1.1201, ""grad_norm"": 4.612688064575195, ""learning_rate"": 1.3333333333333333e-05, ""epoch"": 1.0}, {""loss"": 1.0569, ""grad_norm"": 4.244172096252441, ""learning_rate"": 6.666666666666667e-06, ""epoch"": 2.0}, {""loss"": 1.0458, ""grad_norm"": 2.3282246589660645, ""learning_rate"": 0.0, ""epoch"": 3.0}, {""train_runtime"": 179.3004, ""train_samples_per_second"": 0.97, ""train_steps_per_second"": 0.033, ""train_loss"": 1.074241836865743, ""epoch"": 3.0}]",0.42857142857142855,1.0,0.6,1.0,0.16666666666666666,0.2857142857142857,0.0,0.0,0.0
en,after_2016,22,0.4666666666666667,0.293859649122807,"[{""loss"": 1.0795, ""grad_norm"": 2.430884599685669, ""learning_rate"": 1.3333333333333333e-05, ""epoch"": 1.0}, {""loss"": 1.1148, ""grad_norm"": 3.8040761947631836, ""learning_rate"": 6.666666666666667e-06, ""epoch"": 2.0}, {""loss"": 1.0966, ""grad_norm"": 2.6658825874328613, ""learning_rate"": 0.0, ""epoch"": 3.0}, {""train_runtime"": 178.6603, ""train_samples_per_second"": 0.974, ""train_steps_per_second"": 0.034, ""train_loss"": 1.0969563325246174, ""epoch"": 3.0}]",0.46153846153846156,1.0,0.631578947368421,0.5,0.16666666666666666,0.25,0.0,0.0,0.0
en,after_2016,23,0.6666666666666666,0.4945054945054945,"[{""loss"": 1.111, ""grad_norm"": 2.5071325302124023, ""learning_rate"": 1.3333333333333333e-05, ""epoch"": 1.0}, {""loss"": 1.0582, ""grad_norm"": 2.875232219696045, ""learning_rate"": 6.666666666666667e-06, ""epoch"": 2.0}, {""loss"": 1.0089, ""grad_norm"": 3.035656452178955, ""learning_rate"": 0.0, ""epoch"": 3.0}, {""train_runtime"": 180.0255, ""train_samples_per_second"": 0.967, ""train_steps_per_second"": 0.033, ""train_loss"": 1.059355099995931, ""epoch"": 3.0}]",0.7142857142857143,0.8333333333333334,0.7692307692307693,0.625,0.8333333333333334,0.7142857142857143,0.0,0.0,0.0
en,after_2016,24,0.5333333333333333,0.37719298245614036,"[{""loss"": 1.1231, ""grad_norm"": 4.644765377044678, ""learning_rate"": 1.3333333333333333e-05, ""epoch"": 1.0}, {""loss"": 1.0771, ""grad_norm"": 2.7499701976776123, ""learning_rate"": 6.666666666666667e-06, ""epoch"": 2.0}, {""loss"": 1.119, ""grad_norm"": 1.9273549318313599, ""learning_rate"": 0.0, ""epoch"": 3.0}, {""train_runtime"": 179.1533, ""train_samples_per_second"": 0.971, ""train_steps_per_second"": 0.033, ""train_loss"": 1.1064022382100422, ""epoch"": 3.0}]",0.46153846153846156,1.0,0.631578947368421,1.0,0.3333333333333333,0.5,0.0,0.0,0.0
en,after_2016,25,0.4,0.19047619047619047,"[{""loss"": 1.1096, ""grad_norm"": 6.104403972625732, ""learning_rate"": 1.3333333333333333e-05, ""epoch"": 1.0}, {""loss"": 1.1102, ""grad_norm"": 2.9331419467926025, ""learning_rate"": 6.666666666666667e-06, ""epoch"": 2.0}, {""loss"": 1.0869, ""grad_norm"": 2.094048261642456, ""learning_rate"": 0.0, ""epoch"": 3.0}, {""train_runtime"": 179.1757, ""train_samples_per_second"": 0.971, ""train_steps_per_second"": 0.033, ""train_loss"": 1.1022193829218547, ""epoch"": 3.0}]",0.4,1.0,0.5714285714285714,0.0,0.0,0.0,0.0,0.0,0.0
en,after_2016,26,0.6,0.4318181818181818,"[{""loss"": 1.1167, ""grad_norm"": 2.6783103942871094, ""learning_rate"": 1.3333333333333333e-05, ""epoch"": 1.0}, {""loss"": 1.0538, ""grad_norm"": 4.251479148864746, ""learning_rate"": 6.666666666666667e-06, ""epoch"": 2.0}, {""loss"": 1.043, ""grad_norm"": 3.5584805011749268, ""learning_rate"": 0.0, ""epoch"": 3.0}, {""train_runtime"": 178.5542, ""train_samples_per_second"": 0.974, ""train_steps_per_second"": 0.034, ""train_loss"": 1.0711585680643718, ""epoch"": 3.0}]",0.6,1.0,0.75,0.6,0.5,0.5454545454545454,0.0,0.0,0.0
en,after_2016,27,0.4,0.19047619047619047,"[{""loss"": 1.0883, ""grad_norm"": 5.378883361816406, ""learning_rate"": 1.3333333333333333e-05, ""epoch"": 1.0}, {""loss"": 1.0767, ""grad_norm"": 2.6628758907318115, ""learning_rate"": 6.666666666666667e-06, ""epoch"": 2.0}, {""loss"": 1.0653, ""grad_norm"": 5.1637067794799805, ""learning_rate"": 0.0, ""epoch"": 3.0}, {""train_runtime"": 179.904, ""train_samples_per_second"": 0.967, ""train_steps_per_second"": 0.033, ""train_loss"": 1.0767624378204346, ""epoch"": 3.0}]",0.4,1.0,0.5714285714285714,0.0,0.0,0.0,0.0,0.0,0.0
en,after_2016,28,0.5333333333333333,0.3703703703703704,"[{""loss"": 1.1218, ""grad_norm"": 2.621516227722168, ""learning_rate"": 1.3333333333333333e-05, ""epoch"": 1.0}, {""loss"": 1.0818, ""grad_norm"": 6.878002166748047, ""learning_rate"": 6.666666666666667e-06, ""epoch"": 2.0}, {""loss"": 1.0261, ""grad_norm"": 4.0326104164123535, ""learning_rate"": 0.0, ""epoch"": 3.0}, {""train_runtime"": 179.1945, ""train_samples_per_second"": 0.971, ""train_steps_per_second"": 0.033, ""train_loss"": 1.0765365759531658, ""epoch"": 3.0}]",0.5,1.0,0.6666666666666666,0.6666666666666666,0.3333333333333333,0.4444444444444444,0.0,0.0,0.0
en,after_2016,29,0.5333333333333333,0.37719298245614036,"[{""loss"": 1.1127, ""grad_norm"": 5.5196428298950195, ""learning_rate"": 1.3333333333333333e-05, ""epoch"": 1.0}, {""loss"": 1.0884, ""grad_norm"": 3.400465965270996, ""learning_rate"": 6.666666666666667e-06, ""epoch"": 2.0}, {""loss"": 1.0684, ""grad_norm"": 2.9085042476654053, ""learning_rate"": 0.0, ""epoch"": 3.0}, {""train_runtime"": 179.6606, ""train_samples_per_second"": 0.968, ""train_steps_per_second"": 0.033, ""train_loss"": 1.0898435513178508, ""epoch"": 3.0}]",0.46153846153846156,1.0,0.631578947368421,1.0,0.3333333333333333,0.5,0.0,0.0,0.0
en,after_2016,30,0.6666666666666666,0.5,"[{""loss"": 1.0781, ""grad_norm"": 2.033825159072876, ""learning_rate"": 1.3333333333333333e-05, ""epoch"": 1.0}, {""loss"": 1.0744, ""grad_norm"": 4.976185321807861, ""learning_rate"": 6.666666666666667e-06, ""epoch"": 2.0}, {""loss"": 1.0178, ""grad_norm"": 3.7189090251922607, ""learning_rate"": 0.0, ""epoch"": 3.0}, {""train_runtime"": 178.4917, ""train_samples_per_second"": 0.975, ""train_steps_per_second"": 0.034, ""train_loss"": 1.0567681789398193, ""epoch"": 3.0}]",0.8333333333333334,0.8333333333333334,0.8333333333333334,0.5555555555555556,0.8333333333333334,0.6666666666666666,0.0,0.0,0.0
en,full,1,0.4146341463414634,0.1954022988505747,"[{""loss"": 1.1236, ""grad_norm"": NaN, ""learning_rate"": 1.4444444444444446e-05, ""epoch"": 1.0}, {""loss"": 1.0452, ""grad_norm"": 16.135723114013672, ""learning_rate"": 7.77777777777778e-06, ""epoch"": 2.0}, {""loss"": 1.1305, ""grad_norm"": 22.613012313842773, ""learning_rate"": 1.111111111111111e-06, ""epoch"": 3.0}, {""train_runtime"": 494.9141, ""train_samples_per_second"": 0.976, ""train_steps_per_second"": 0.036, ""train_loss"": 1.099747551812066, ""epoch"": 3.0}]",0.4146341463414634,1.0,0.5862068965517241,0.0,0.0,0.0,0.0,0.0,0.0
en,full,2,0.5609756097560976,0.42083333333333334,"[{""loss"": 1.0628, ""grad_norm"": NaN, ""learning_rate"": 1.4444444444444446e-05, ""epoch"": 1.0}, {""loss"": 1.0829, ""grad_norm"": 21.233734130859375, ""learning_rate"": 7.77777777777778e-06, ""epoch"": 2.0}, {""loss"": 1.0245, ""grad_norm"": 21.531538009643555, ""learning_rate"": 1.111111111111111e-06, ""epoch"": 3.0}, {""train_runtime"": 491.3026, ""train_samples_per_second"": 0.983, ""train_steps_per_second"": 0.037, ""train_loss"": 1.056749979654948, ""epoch"": 3.0}]",0.6086956521739131,0.8235294117647058,0.7,0.0,0.0,0.0,0.5,0.6428571428571429,0.5625
en,full,3,0.4146341463414634,0.30833333333333335,"[{""loss"": 1.0558, ""grad_norm"": NaN, ""learning_rate"": 1.4444444444444446e-05, ""epoch"": 1.0}, {""loss"": 1.0442, ""grad_norm"": 16.30743408203125, ""learning_rate"": 7.77777777777778e-06, ""epoch"": 2.0}, {""loss"": 1.0285, ""grad_norm"": 18.677488327026367, ""learning_rate"": 1.111111111111111e-06, ""epoch"": 3.0}, {""train_runtime"": 532.1122, ""train_samples_per_second"": 0.908, ""train_steps_per_second"": 0.034, ""train_loss"": 1.0428263346354167, ""epoch"": 3.0}]",0.4782608695652174,0.6470588235294118,0.55,0.0,0.0,0.0,0.3333333333333333,0.42857142857142855,0.375
en,full,4,0.4146341463414634,0.1954022988505747,"[{""loss"": 1.0764, ""grad_norm"": NaN, ""learning_rate"": 1.4444444444444446e-05, ""epoch"": 1.0}, {""loss"": 1.0939, ""grad_norm"": 18.754541397094727, ""learning_rate"": 7.77777777777778e-06, ""epoch"": 2.0}, {""loss"": 1.0624, ""grad_norm"": 21.709381103515625, ""learning_rate"": 1.111111111111111e-06, ""epoch"": 3.0}, {""train_runtime"": 498.2538, ""train_samples_per_second"": 0.969, ""train_steps_per_second"": 0.036, ""train_loss"": 1.0775485568576388, ""epoch"": 3.0}]",0.4146341463414634,1.0,0.5862068965517241,0.0,0.0,0.0,0.0,0.0,0.0
en,full,5,0.4878048780487805,0.31909963588215823,"[{""loss"": 1.0754, ""grad_norm"": NaN, ""learning_rate"": 1.4444444444444446e-05, ""epoch"": 1.0}, {""loss"": 1.1072, ""grad_norm"": 19.125350952148438, ""learning_rate"": 7.77777777777778e-06, ""epoch"": 2.0}, {""loss"": 1.0588, ""grad_norm"": 19.585737228393555, ""learning_rate"": 1.111111111111111e-06, ""epoch"": 3.0}, {""train_runtime"": 485.6138, ""train_samples_per_second"": 0.995, ""train_steps_per_second"": 0.037, ""train_loss"": 1.080455356174045, ""epoch"": 3.0}]",0.4722222222222222,1.0,0.6415094339622641,0.0,0.0,0.0,0.6,0.21428571428571427,0.3157894736842105
en,full,6,0.5609756097560976,0.4241486068111455,"[{""loss"": 1.0856, ""grad_norm"": NaN, ""learning_rate"": 1.4444444444444446e-05, ""epoch"": 1.0}, {""loss"": 1.058, ""grad_norm"": 17.581937789916992, ""learning_rate"": 7.77777777777778e-06, ""epoch"": 2.0}, {""loss"": 1.1438, ""grad_norm"": 25.247404098510742, ""learning_rate"": 1.111111111111111e-06, ""epoch"": 3.0}, {""train_runtime"": 491.5562, ""train_samples_per_second"": 0.983, ""train_steps_per_second"": 0.037, ""train_loss"": 1.0958006117078993, ""epoch"": 3.0}]",0.6190476190476191,0.7647058823529411,0.6842105263157895,0.0,0.0,0.0,0.5,0.7142857142857143,0.5882352941176471
en,full,7,0.5121951219512195,0.35802469135802467,"[{""loss"": 1.0829, ""grad_norm"": NaN, ""learning_rate"": 1.4444444444444446e-05, ""epoch"": 1.0}, {""loss"": 1.1061, ""grad_norm"": 20.734363555908203, ""learning_rate"": 7.77777777777778e-06, ""epoch"": 2.0}, {""loss"": 1.0269, ""grad_norm"": 16.11277198791504, ""learning_rate"": 1.111111111111111e-06, ""epoch"": 3.0}, {""train_runtime"": 490.2015, ""train_samples_per_second"": 0.985, ""train_steps_per_second"": 0.037, ""train_loss"": 1.0719706217447917, ""epoch"": 3.0}]",0.4594594594594595,1.0,0.6296296296296297,0.0,0.0,0.0,1.0,0.2857142857142857,0.4444444444444444
en,full,8,0.3902439024390244,0.2864197530864197,"[{""loss"": 1.0798, ""grad_norm"": NaN, ""learning_rate"": 1.4444444444444446e-05, ""epoch"": 1.0}, {""loss"": 1.0518, ""grad_norm"": 16.759056091308594, ""learning_rate"": 7.77777777777778e-06, ""epoch"": 2.0}, {""loss"": 1.0717, ""grad_norm"": 21.394620895385742, ""learning_rate"": 1.111111111111111e-06, ""epoch"": 3.0}, {""train_runtime"": 492.7929, ""train_samples_per_second"": 0.98, ""train_steps_per_second"": 0.037, ""train_loss"": 1.0678066677517362, ""epoch"": 3.0}]",0.39285714285714285,0.6470588235294118,0.4888888888888889,0.0,0.0,0.0,0.38461538461538464,0.35714285714285715,0.37037037037037035
en,full,9,0.4878048780487805,0.3455964325529543,"[{""loss"": 1.1039, ""grad_norm"": NaN, ""learning_rate"": 1.4444444444444446e-05, ""epoch"": 1.0}, {""loss"": 1.0002, ""grad_norm"": 15.83222770690918, ""learning_rate"": 7.77777777777778e-06, ""epoch"": 2.0}, {""loss"": 1.0417, ""grad_norm"": Infinity, ""learning_rate"": 2.222222222222222e-06, ""epoch"": 3.0}, {""train_runtime"": 494.0245, ""train_samples_per_second"": 0.978, ""train_steps_per_second"": 0.036, ""train_loss"": 1.0486195882161458, ""epoch"": 3.0}]",0.5172413793103449,0.8823529411764706,0.6521739130434783,0.0,0.0,0.0,0.4166666666666667,0.35714285714285715,0.38461538461538464
en,full,10,0.5365853658536586,0.4083333333333334,"[{""loss"": 1.0699, ""grad_norm"": NaN, ""learning_rate"": 1.4444444444444446e-05, ""epoch"": 1.0}, {""loss"": 1.0838, ""grad_norm"": 20.431583404541016, ""learning_rate"": 7.77777777777778e-06, ""epoch"": 2.0}, {""loss"": 1.1211, ""grad_norm"": 21.006832122802734, ""learning_rate"": 1.111111111111111e-06, ""epoch"": 3.0}, {""train_runtime"": 497.4437, ""train_samples_per_second"": 0.971, ""train_steps_per_second"": 0.036, ""train_loss"": 1.0915925767686632, ""epoch"": 3.0}]",0.6666666666666666,0.5882352941176471,0.625,0.0,0.0,0.0,0.46153846153846156,0.8571428571428571,0.6
en,full,11,0.4146341463414634,0.29281277728482696,"[{""loss"": 1.0825, ""grad_norm"": NaN, ""learning_rate"": 1.4444444444444446e-05, ""epoch"": 1.0}, {""loss"": 1.1328, ""grad_norm"": 20.776338577270508, ""learning_rate"": 7.77777777777778e-06, ""epoch"": 2.0}, {""loss"": 1.0938, ""grad_norm"": Infinity, ""learning_rate"": 2.222222222222222e-06, ""epoch"": 3.0}, {""train_runtime"": 484.1882, ""train_samples_per_second"": 0.998, ""train_steps_per_second"": 0.037, ""train_loss"": 1.103056165907118, ""epoch"": 3.0}]",0.40625,0.7647058823529411,0.5306122448979592,0.0,0.0,0.0,0.4444444444444444,0.2857142857142857,0.34782608695652173
en,full,12,0.4146341463414634,0.1954022988505747,"[{""loss"": 1.0905, ""grad_norm"": NaN, ""learning_rate"": 1.4444444444444446e-05, ""epoch"": 1.0}, {""loss"": 1.0267, ""grad_norm"": 14.937405586242676, ""learning_rate"": 7.77777777777778e-06, ""epoch"": 2.0}, {""loss"": 1.116, ""grad_norm"": 22.90848731994629, ""learning_rate"": 1.111111111111111e-06, ""epoch"": 3.0}, {""train_runtime"": 492.5059, ""train_samples_per_second"": 0.981, ""train_steps_per_second"": 0.037, ""train_loss"": 1.0777062310112848, ""epoch"": 3.0}]",0.4146341463414634,1.0,0.5862068965517241,0.0,0.0,0.0,0.0,0.0,0.0
en,full,13,0.5365853658536586,0.404040404040404,"[{""loss"": 1.1585, ""grad_norm"": NaN, ""learning_rate"": 1.4444444444444446e-05, ""epoch"": 1.0}, {""loss"": 1.0821, ""grad_norm"": 19.182100296020508, ""learning_rate"": 7.77777777777778e-06, ""epoch"": 2.0}, {""loss"": 0.9861, ""grad_norm"": 20.0898380279541, ""learning_rate"": 1.111111111111111e-06, ""epoch"": 3.0}, {""train_runtime"": 484.6212, ""train_samples_per_second"": 0.997, ""train_steps_per_second"": 0.037, ""train_loss"": 1.0755530463324652, ""epoch"": 3.0}]",0.5909090909090909,0.7647058823529411,0.6666666666666666,0.0,0.0,0.0,0.47368421052631576,0.6428571428571429,0.5454545454545454
en,full,14,0.4146341463414634,0.1954022988505747,"[{""loss"": 1.1426, ""grad_norm"": NaN, ""learning_rate"": 1.4444444444444446e-05, ""epoch"": 1.0}, {""loss"": 1.0802, ""grad_norm"": 19.31604766845703, ""learning_rate"": 7.77777777777778e-06, ""epoch"": 2.0}, {""loss"": 1.1079, ""grad_norm"": 20.54991340637207, ""learning_rate"": 1.111111111111111e-06, ""epoch"": 3.0}, {""train_runtime"": 496.1752, ""train_samples_per_second"": 0.973, ""train_steps_per_second"": 0.036, ""train_loss"": 1.1102515326605902, ""epoch"": 3.0}]",0.4146341463414634,1.0,0.5862068965517241,0.0,0.0,0.0,0.0,0.0,0.0
en,full,15,0.4146341463414634,0.1954022988505747,"[{""loss"": 1.0556, ""grad_norm"": NaN, ""learning_rate"": 1.4444444444444446e-05, ""epoch"": 1.0}, {""loss"": 1.0121, ""grad_norm"": 14.275545120239258, ""learning_rate"": 7.77777777777778e-06, ""epoch"": 2.0}, {""loss"": 1.0604, ""grad_norm"": Infinity, ""learning_rate"": 2.222222222222222e-06, ""epoch"": 3.0}, {""train_runtime"": 486.8262, ""train_samples_per_second"": 0.992, ""train_steps_per_second"": 0.037, ""train_loss"": 1.0426991780598958, ""epoch"": 3.0}]",0.4146341463414634,1.0,0.5862068965517241,0.0,0.0,0.0,0.0,0.0,0.0
en,full,16,0.4146341463414634,0.1954022988505747,"[{""loss"": 1.0918, ""grad_norm"": NaN, ""learning_rate"": 1.4444444444444446e-05, ""epoch"": 1.0}, {""loss"": 1.1386, ""grad_norm"": 27.155887603759766, ""learning_rate"": 7.77777777777778e-06, ""epoch"": 2.0}, {""loss"": 1.0239, ""grad_norm"": 18.495149612426758, ""learning_rate"": 1.111111111111111e-06, ""epoch"": 3.0}, {""train_runtime"": 487.135, ""train_samples_per_second"": 0.992, ""train_steps_per_second"": 0.037, ""train_loss"": 1.0847303602430556, ""epoch"": 3.0}]",0.4146341463414634,1.0,0.5862068965517241,0.0,0.0,0.0,0.0,0.0,0.0
en,full,17,0.5121951219512195,0.37916666666666665,"[{""loss"": 1.0536, ""grad_norm"": Infinity, ""learning_rate"": 1.555555555555556e-05, ""epoch"": 1.0}, {""loss"": 0.9949, ""grad_norm"": 13.000601768493652, ""learning_rate"": 8.888888888888888e-06, ""epoch"": 2.0}, {""loss"": 1.031, ""grad_norm"": 21.6402587890625, ""learning_rate"": 2.222222222222222e-06, ""epoch"": 3.0}, {""train_runtime"": 487.9722, ""train_samples_per_second"": 0.99, ""train_steps_per_second"": 0.037, ""train_loss"": 1.0265045166015625, ""epoch"": 3.0}]",0.6086956521739131,0.8235294117647058,0.7,0.0,0.0,0.0,0.3888888888888889,0.5,0.4375
en,full,18,0.3902439024390244,0.2876254180602007,"[{""loss"": 1.089, ""grad_norm"": NaN, ""learning_rate"": 1.4444444444444446e-05, ""epoch"": 1.0}, {""loss"": 1.0371, ""grad_norm"": 14.801167488098145, ""learning_rate"": 7.77777777777778e-06, ""epoch"": 2.0}, {""loss"": 1.0391, ""grad_norm"": 19.508283615112305, ""learning_rate"": 1.111111111111111e-06, ""epoch"": 3.0}, {""train_runtime"": 497.0455, ""train_samples_per_second"": 0.972, ""train_steps_per_second"": 0.036, ""train_loss"": 1.0550571017795138, ""epoch"": 3.0}]",0.3793103448275862,0.6470588235294118,0.4782608695652174,0.0,0.0,0.0,0.4166666666666667,0.35714285714285715,0.38461538461538464
en,full,19,0.5609756097560976,0.40987654320987654,"[{""loss"": 1.052, ""grad_norm"": NaN, ""learning_rate"": 1.4444444444444446e-05, ""epoch"": 1.0}, {""loss"": 1.1263, ""grad_norm"": Infinity, ""learning_rate"": 8.888888888888888e-06, ""epoch"": 2.0}, {""loss"": 0.9955, ""grad_norm"": 18.261932373046875, ""learning_rate"": 2.222222222222222e-06, ""epoch"": 3.0}, {""train_runtime"": 486.4454, ""train_samples_per_second"": 0.993, ""train_steps_per_second"": 0.037, ""train_loss"": 1.0579155815972223, ""epoch"": 3.0}]",0.5714285714285714,0.9411764705882353,0.7111111111111111,0.0,0.0,0.0,0.5384615384615384,0.5,0.5185185185185185
en,full,20,0.4146341463414634,0.29281277728482696,"[{""loss"": 1.0755, ""grad_norm"": NaN, ""learning_rate"": 1.4444444444444446e-05, ""epoch"": 1.0}, {""loss"": 1.0771, ""grad_norm"": 20.56856346130371, ""learning_rate"": 7.77777777777778e-06, ""epoch"": 2.0}, {""loss"": 1.1491, ""grad_norm"": 22.887004852294922, ""learning_rate"": 1.111111111111111e-06, ""epoch"": 3.0}, {""train_runtime"": 495.6857, ""train_samples_per_second"": 0.974, ""train_steps_per_second"": 0.036, ""train_loss"": 1.1005545722113714, ""epoch"": 3.0}]",0.40625,0.7647058823529411,0.5306122448979592,0.0,0.0,0.0,0.4444444444444444,0.2857142857142857,0.34782608695652173
en,full,21,0.5365853658536586,0.40454076367389064,"[{""loss"": 1.1075, ""grad_norm"": NaN, ""learning_rate"": 1.4444444444444446e-05, ""epoch"": 1.0}, {""loss"": 0.9459, ""grad_norm"": 11.99865436553955, ""learning_rate"": 7.77777777777778e-06, ""epoch"": 2.0}, {""loss"": 0.927, ""grad_norm"": 13.742696762084961, ""learning_rate"": 1.111111111111111e-06, ""epoch"": 3.0}, {""train_runtime"": 487.8856, ""train_samples_per_second"": 0.99, ""train_steps_per_second"": 0.037, ""train_loss"": 0.9934972127278646, ""epoch"": 3.0}]",0.6190476190476191,0.7647058823529411,0.6842105263157895,0.0,0.0,0.0,0.45,0.6428571428571429,0.5294117647058824
en,full,22,0.4146341463414634,0.1954022988505747,"[{""loss"": 1.0795, ""grad_norm"": NaN, ""learning_rate"": 1.4444444444444446e-05, ""epoch"": 1.0}, {""loss"": 1.1328, ""grad_norm"": Infinity, ""learning_rate"": 8.888888888888888e-06, ""epoch"": 2.0}, {""loss"": 1.0222, ""grad_norm"": 22.860368728637695, ""learning_rate"": 2.222222222222222e-06, ""epoch"": 3.0}, {""train_runtime"": 489.1693, ""train_samples_per_second"": 0.987, ""train_steps_per_second"": 0.037, ""train_loss"": 1.0781686570909288, ""epoch"": 3.0}]",0.4146341463414634,1.0,0.5862068965517241,0.0,0.0,0.0,0.0,0.0,0.0
en,full,23,0.4146341463414634,0.1954022988505747,"[{""loss"": 1.1679, ""grad_norm"": NaN, ""learning_rate"": 1.4444444444444446e-05, ""epoch"": 1.0}, {""loss"": 1.0494, ""grad_norm"": 17.03380584716797, ""learning_rate"": 7.77777777777778e-06, ""epoch"": 2.0}, {""loss"": 1.0844, ""grad_norm"": 19.136171340942383, ""learning_rate"": 1.111111111111111e-06, ""epoch"": 3.0}, {""train_runtime"": 485.9692, ""train_samples_per_second"": 0.994, ""train_steps_per_second"": 0.037, ""train_loss"": 1.1005545722113714, ""epoch"": 3.0}]",0.4146341463414634,1.0,0.5862068965517241,0.0,0.0,0.0,0.0,0.0,0.0
en,full,24,0.4146341463414634,0.1954022988505747,"[{""loss"": 1.0861, ""grad_norm"": NaN, ""learning_rate"": 1.4444444444444446e-05, ""epoch"": 1.0}, {""loss"": 1.1274, ""grad_norm"": 21.261138916015625, ""learning_rate"": 7.77777777777778e-06, ""epoch"": 2.0}, {""loss"": 1.1076, ""grad_norm"": 20.01117706298828, ""learning_rate"": 1.111111111111111e-06, ""epoch"": 3.0}, {""train_runtime"": 496.4666, ""train_samples_per_second"": 0.973, ""train_steps_per_second"": 0.036, ""train_loss"": 1.107037862141927, ""epoch"": 3.0}]",0.4146341463414634,1.0,0.5862068965517241,0.0,0.0,0.0,0.0,0.0,0.0
en,full,25,0.4146341463414634,0.1954022988505747,"[{""loss"": 1.084, ""grad_norm"": NaN, ""learning_rate"": 1.4444444444444446e-05, ""epoch"": 1.0}, {""loss"": 1.0047, ""grad_norm"": 13.735199928283691, ""learning_rate"": 7.77777777777778e-06, ""epoch"": 2.0}, {""loss"": 0.9825, ""grad_norm"": 12.56157112121582, ""learning_rate"": 1.111111111111111e-06, ""epoch"": 3.0}, {""train_runtime"": 488.4303, ""train_samples_per_second"": 0.989, ""train_steps_per_second"": 0.037, ""train_loss"": 1.0237291124131944, ""epoch"": 3.0}]",0.4146341463414634,1.0,0.5862068965517241,0.0,0.0,0.0,0.0,0.0,0.0
en,full,26,0.5365853658536586,0.4102564102564103,"[{""loss"": 1.0488, ""grad_norm"": NaN, ""learning_rate"": 1.4444444444444446e-05, ""epoch"": 1.0}, {""loss"": 0.9773, ""grad_norm"": Infinity, ""learning_rate"": 8.888888888888888e-06, ""epoch"": 2.0}, {""loss"": 0.9771, ""grad_norm"": 29.896440505981445, ""learning_rate"": 2.222222222222222e-06, ""epoch"": 3.0}, {""train_runtime"": 495.9195, ""train_samples_per_second"": 0.974, ""train_steps_per_second"": 0.036, ""train_loss"": 1.001053704155816, ""epoch"": 3.0}]",0.6875,0.6470588235294118,0.6666666666666666,0.0,0.0,0.0,0.44,0.7857142857142857,0.5641025641025641
en,full,27,0.4878048780487805,0.3667443667443668,"[{""loss"": 1.0696, ""grad_norm"": NaN, ""learning_rate"": 1.4444444444444446e-05, ""epoch"": 1.0}, {""loss"": 1.01, ""grad_norm"": Infinity, ""learning_rate"": 8.888888888888888e-06, ""epoch"": 2.0}, {""loss"": 1.0299, ""grad_norm"": 19.00658416748047, ""learning_rate"": 2.222222222222222e-06, ""epoch"": 3.0}, {""train_runtime"": 481.3797, ""train_samples_per_second"": 1.003, ""train_steps_per_second"": 0.037, ""train_loss"": 1.0364998711480036, ""epoch"": 3.0}]",0.5454545454545454,0.7058823529411765,0.6153846153846154,0.0,0.0,0.0,0.42105263157894735,0.5714285714285714,0.48484848484848486
en,full,28,0.5609756097560976,0.4002229654403567,"[{""loss"": 1.0782, ""grad_norm"": NaN, ""learning_rate"": 1.4444444444444446e-05, ""epoch"": 1.0}, {""loss"": 1.0692, ""grad_norm"": 21.576948165893555, ""learning_rate"": 7.77777777777778e-06, ""epoch"": 2.0}, {""loss"": 0.9695, ""grad_norm"": 13.60052490234375, ""learning_rate"": 1.111111111111111e-06, ""epoch"": 3.0}, {""train_runtime"": 489.1136, ""train_samples_per_second"": 0.988, ""train_steps_per_second"": 0.037, ""train_loss"": 1.0390073988172743, ""epoch"": 3.0}]",0.5862068965517241,1.0,0.7391304347826086,0.0,0.0,0.0,0.5,0.42857142857142855,0.46153846153846156
en,full,29,0.43902439024390244,0.24327485380116956,"[{""loss"": 1.0776, ""grad_norm"": NaN, ""learning_rate"": 1.4444444444444446e-05, ""epoch"": 1.0}, {""loss"": 1.0165, ""grad_norm"": 14.031790733337402, ""learning_rate"": 7.77777777777778e-06, ""epoch"": 2.0}, {""loss"": 1.0722, ""grad_norm"": Infinity, ""learning_rate"": 2.222222222222222e-06, ""epoch"": 3.0}, {""train_runtime"": 486.2971, ""train_samples_per_second"": 0.993, ""train_steps_per_second"": 0.037, ""train_loss"": 1.0554436577690973, ""epoch"": 3.0}]",0.425,1.0,0.5964912280701754,0.0,0.0,0.0,1.0,0.07142857142857142,0.13333333333333333
en,full,30,0.4878048780487805,0.35497835497835495,"[{""loss"": 1.0922, ""grad_norm"": NaN, ""learning_rate"": 1.4444444444444446e-05, ""epoch"": 1.0}, {""loss"": 1.0374, ""grad_norm"": 18.087764739990234, ""learning_rate"": 7.77777777777778e-06, ""epoch"": 2.0}, {""loss"": 0.9681, ""grad_norm"": Infinity, ""learning_rate"": 2.222222222222222e-06, ""epoch"": 3.0}, {""train_runtime"": 498.2814, ""train_samples_per_second"": 0.969, ""train_steps_per_second"": 0.036, ""train_loss"": 1.0325741238064237, ""epoch"": 3.0}]",0.5185185185185185,0.8235294117647058,0.6363636363636364,0.0,0.0,0.0,0.42857142857142855,0.42857142857142855,0.42857142857142855
